EVENT: Key { key: C, physical_key: Some(C), pressed: true, repeat: false, modifiers: Modifiers::NONE }
EVENT: Ime(Preedit { text: "c", active_range_chars: Some(1..1) })
EVENT: Key { key: C, physical_key: Some(C), pressed: false, repeat: false, modifiers: Modifiers::NONE }
EVENT: Key { key: E, physical_key: Some(E), pressed: true, repeat: false, modifiers: Modifiers::NONE }
EVENT: Ime(Preedit { text: "ce", active_range_chars: Some(2..2) })
EVENT: Key { key: E, physical_key: Some(E), pressed: false, repeat: false, modifiers: Modifiers::NONE }
EVENT: Key { key: S, physical_key: Some(S), pressed: true, repeat: false, modifiers: Modifiers::NONE }
EVENT: Ime(Preedit { text: "ce's", active_range_chars: Some(4..4) })
EVENT: Key { key: H, physical_key: Some(H), pressed: true, repeat: false, modifiers: Modifiers::NONE }
EVENT: Ime(Preedit { text: "ce'sh", active_range_chars: Some(5..5) })
EVENT: Key { key: S, physical_key: Some(S), pressed: false, repeat: false, modifiers: Modifiers::NONE }
EVENT: Key { key: I, physical_key: Some(I), pressed: true, repeat: false, modifiers: Modifiers::NONE }
EVENT: Ime(Preedit { text: "ce'shi", active_range_chars: Some(6..6) })
EVENT: Key { key: H, physical_key: Some(H), pressed: false, repeat: false, modifiers: Modifiers::NONE }
EVENT: Key { key: I, physical_key: Some(I), pressed: false, repeat: false, modifiers: Modifiers::NONE }
EVENT: Key { key: Space, physical_key: Some(Space), pressed: true, repeat: false, modifiers: Modifiers::NONE }
EVENT: Ime(Preedit { text: "", active_range_chars: None })
EVENT: Ime(Commit("测试"))
EVENT: Key { key: Space, physical_key: Some(Space), pressed: false, repeat: false, modifiers: Modifiers::NONE }
EVENT: Key { key: Y, physical_key: Some(Y), pressed: true, repeat: false, modifiers: Modifiers::NONE }
EVENT: Ime(Preedit { text: "y", active_range_chars: Some(1..1) })
EVENT: Key { key: I, physical_key: Some(I), pressed: true, repeat: false, modifiers: Modifiers::NONE }
EVENT: Ime(Preedit { text: "yi", active_range_chars: Some(2..2) })
EVENT: Key { key: Y, physical_key: Some(Y), pressed: false, repeat: false, modifiers: Modifiers::NONE }
EVENT: Key { key: X, physical_key: Some(X), pressed: true, repeat: false, modifiers: Modifiers::NONE }
EVENT: Ime(Preedit { text: "yi'x", active_range_chars: Some(4..4) })
EVENT: Key { key: I, physical_key: Some(I), pressed: false, repeat: false, modifiers: Modifiers::NONE }
EVENT: Key { key: A, physical_key: Some(A), pressed: true, repeat: false, modifiers: Modifiers::NONE }
EVENT: Ime(Preedit { text: "yi'x'a", active_range_chars: Some(6..6) })
EVENT: Key { key: I, physical_key: Some(I), pressed: true, repeat: false, modifiers: Modifiers::NONE }
EVENT: Ime(Preedit { text: "yi'xai", active_range_chars: Some(6..6) })
EVENT: Key { key: X, physical_key: Some(X), pressed: false, repeat: false, modifiers: Modifiers::NONE }
EVENT: Key { key: I, physical_key: Some(I), pressed: false, repeat: false, modifiers: Modifiers::NONE }
EVENT: Key { key: A, physical_key: Some(A), pressed: false, repeat: false, modifiers: Modifiers::NONE }
EVENT: Key { key: Space, physical_key: Some(Space), pressed: true, repeat: false, modifiers: Modifiers::NONE }
EVENT: Ime(Preedit { text: "", active_range_chars: None })
EVENT: Ime(Commit("一下"))
EVENT: Key { key: Space, physical_key: Some(Space), pressed: false, repeat: false, modifiers: Modifiers::NONE }
EVENT: Key { key: C, physical_key: Some(C), pressed: true, repeat: false, modifiers: Modifiers::NONE }
EVENT: Ime(Preedit { text: "c", active_range_chars: Some(1..1) })
EVENT: Key { key: C, physical_key: Some(C), pressed: false, repeat: false, modifiers: Modifiers::NONE }
EVENT: Key { key: E, physical_key: Some(E), pressed: true, repeat: false, modifiers: Modifiers::NONE }
EVENT: Ime(Preedit { text: "ce", active_range_chars: Some(2..2) })
EVENT: Key { key: E, physical_key: Some(E), pressed: false, repeat: false, modifiers: Modifiers::NONE }
EVENT: Key { key: H, physical_key: Some(H), pressed: true, repeat: false, modifiers: Modifiers::NONE }
EVENT: Ime(Preedit { text: "ce'h", active_range_chars: Some(4..4) })
EVENT: Key { key: H, physical_key: Some(H), pressed: false, repeat: false, modifiers: Modifiers::NONE }
EVENT: Key { key: Backspace, physical_key: Some(Backspace), pressed: true, repeat: false, modifiers: Modifiers::NONE }
EVENT: Ime(Preedit { text: "ce", active_range_chars: Some(2..2) })
EVENT: Key { key: Backspace, physical_key: Some(Backspace), pressed: false, repeat: false, modifiers: Modifiers::NONE }
EVENT: Key { key: S, physical_key: Some(S), pressed: true, repeat: false, modifiers: Modifiers::NONE }
EVENT: Ime(Preedit { text: "ce's", active_range_chars: Some(4..4) })
EVENT: Key { key: S, physical_key: Some(S), pressed: false, repeat: false, modifiers: Modifiers::NONE }
EVENT: Key { key: H, physical_key: Some(H), pressed: true, repeat: false, modifiers: Modifiers::NONE }
EVENT: Ime(Preedit { text: "ce'sh", active_range_chars: Some(5..5) })
EVENT: Key { key: I, physical_key: Some(I), pressed: true, repeat: false, modifiers: Modifiers::NONE }
EVENT: Ime(Preedit { text: "ce'shi", active_range_chars: Some(6..6) })
EVENT: Key { key: H, physical_key: Some(H), pressed: false, repeat: false, modifiers: Modifiers::NONE }
EVENT: Key { key: I, physical_key: Some(I), pressed: false, repeat: false, modifiers: Modifiers::NONE }
EVENT: Key { key: Space, physical_key: Some(Space), pressed: true, repeat: false, modifiers: Modifiers::NONE }
EVENT: Ime(Preedit { text: "", active_range_chars: None })
EVENT: Ime(Commit("测试"))
EVENT: Key { key: Space, physical_key: Some(Space), pressed: false, repeat: false, modifiers: Modifiers::NONE }
EVENT: Key { key: Y, physical_key: Some(Y), pressed: true, repeat: false, modifiers: Modifiers::NONE }
EVENT: Ime(Preedit { text: "y", active_range_chars: Some(1..1) })
EVENT: Key { key: I, physical_key: Some(I), pressed: true, repeat: false, modifiers: Modifiers::NONE }
EVENT: Ime(Preedit { text: "yi", active_range_chars: Some(2..2) })
EVENT: Key { key: Y, physical_key: Some(Y), pressed: false, repeat: false, modifiers: Modifiers::NONE }
EVENT: Key { key: I, physical_key: Some(I), pressed: false, repeat: false, modifiers: Modifiers::NONE }
EVENT: Key { key: C, physical_key: Some(C), pressed: true, repeat: false, modifiers: Modifiers::NONE }
EVENT: Ime(Preedit { text: "yi'c", active_range_chars: Some(4..4) })
EVENT: Key { key: C, physical_key: Some(C), pressed: false, repeat: false, modifiers: Modifiers::NONE }
EVENT: Key { key: I, physical_key: Some(I), pressed: true, repeat: false, modifiers: Modifiers::NONE }
EVENT: Ime(Preedit { text: "yi'ci", active_range_chars: Some(5..5) })
EVENT: Key { key: I, physical_key: Some(I), pressed: false, repeat: false, modifiers: Modifiers::NONE }
EVENT: Key { key: A, physical_key: Some(A), pressed: true, repeat: false, modifiers: Modifiers::NONE }
EVENT: Ime(Preedit { text: "yi'ci'a", active_range_chars: Some(7..7) })
EVENT: Key { key: A, physical_key: Some(A), pressed: false, repeat: false, modifiers: Modifiers::NONE }
EVENT: Key { key: Backspace, physical_key: Some(Backspace), pressed: true, repeat: false, modifiers: Modifiers::NONE }
EVENT: Ime(Preedit { text: "yi'ci", active_range_chars: Some(5..5) })
EVENT: Key { key: Backspace, physical_key: Some(Backspace), pressed: false, repeat: false, modifiers: Modifiers::NONE }
EVENT: Key { key: Backspace, physical_key: Some(Backspace), pressed: true, repeat: false, modifiers: Modifiers::NONE }
EVENT: Ime(Preedit { text: "yi'c", active_range_chars: Some(4..4) })
EVENT: Key { key: Backspace, physical_key: Some(Backspace), pressed: false, repeat: false, modifiers: Modifiers::NONE }
EVENT: Key { key: Backspace, physical_key: Some(Backspace), pressed: true, repeat: false, modifiers: Modifiers::NONE }
EVENT: Ime(Preedit { text: "yi", active_range_chars: Some(2..2) })
EVENT: Key { key: Backspace, physical_key: Some(Backspace), pressed: false, repeat: false, modifiers: Modifiers::NONE }
EVENT: Key { key: X, physical_key: Some(X), pressed: true, repeat: false, modifiers: Modifiers::NONE }
EVENT: Ime(Preedit { text: "yi'x", active_range_chars: Some(4..4) })
EVENT: Key { key: I, physical_key: Some(I), pressed: true, repeat: false, modifiers: Modifiers::NONE }
EVENT: Ime(Preedit { text: "yi'xi", active_range_chars: Some(5..5) })
EVENT: Key { key: X, physical_key: Some(X), pressed: false, repeat: false, modifiers: Modifiers::NONE }
EVENT: Key { key: I, physical_key: Some(I), pressed: false, repeat: false, modifiers: Modifiers::NONE }
EVENT: Key { key: A, physical_key: Some(A), pressed: true, repeat: false, modifiers: Modifiers::NONE }
EVENT: Ime(Preedit { text: "yi'xia", active_range_chars: Some(6..6) })
EVENT: Key { key: Space, physical_key: Some(Space), pressed: true, repeat: false, modifiers: Modifiers::NONE }
EVENT: Ime(Preedit { text: "", active_range_chars: None })
EVENT: Ime(Commit("一下"))
EVENT: Key { key: A, physical_key: Some(A), pressed: false, repeat: false, modifiers: Modifiers::NONE }
EVENT: Key { key: Space, physical_key: Some(Space), pressed: false, repeat: false, modifiers: Modifiers::NONE }
EVENT: Key { key: Backspace, physical_key: Some(Backspace), pressed: true, repeat: false, modifiers: Modifiers::NONE }
EVENT: Key { key: Backspace, physical_key: Some(Backspace), pressed: true, repeat: true, modifiers: Modifiers::NONE }
EVENT: Key { key: Backspace, physical_key: Some(Backspace), pressed: true, repeat: true, modifiers: Modifiers::NONE }
EVENT: Key { key: Backspace, physical_key: Some(Backspace), pressed: true, repeat: true, modifiers: Modifiers::NONE }
EVENT: Key { key: Backspace, physical_key: Some(Backspace), pressed: true, repeat: true, modifiers: Modifiers::NONE }
EVENT: Key { key: Backspace, physical_key: Some(Backspace), pressed: true, repeat: true, modifiers: Modifiers::NONE }
EVENT: Key { key: Backspace, physical_key: Some(Backspace), pressed: true, repeat: true, modifiers: Modifiers::NONE }
EVENT: Key { key: Backspace, physical_key: Some(Backspace), pressed: true, repeat: true, modifiers: Modifiers::NONE }
EVENT: Key { key: Backspace, physical_key: Some(Backspace), pressed: true, repeat: true, modifiers: Modifiers::NONE }
EVENT: Key { key: Backspace, physical_key: Some(Backspace), pressed: true, repeat: true, modifiers: Modifiers::NONE }
EVENT: Key { key: Backspace, physical_key: Some(Backspace), pressed: false, repeat: false, modifiers: Modifiers::NONE }
EVENT: Key { key: AltLeft, physical_key: Some(AltLeft), pressed: true, repeat: false, modifiers: Modifiers { alt: true } }
EVENT: Key { key: AltLeft, physical_key: Some(AltLeft), pressed: false, repeat: false, modifiers: Modifiers::NONE }
EVENT: Key { key: C, physical_key: Some(C), pressed: true, repeat: false, modifiers: Modifiers::NONE }
EVENT: Ime(Preedit { text: "c", active_range_chars: Some(1..1) })
EVENT: Key { key: C, physical_key: Some(C), pressed: false, repeat: false, modifiers: Modifiers::NONE }
EVENT: Key { key: E, physical_key: Some(E), pressed: true, repeat: false, modifiers: Modifiers::NONE }
EVENT: Ime(Preedit { text: "ce", active_range_chars: Some(2..2) })
EVENT: Key { key: E, physical_key: Some(E), pressed: false, repeat: false, modifiers: Modifiers::NONE }
EVENT: Key { key: S, physical_key: Some(S), pressed: true, repeat: false, modifiers: Modifiers::NONE }
EVENT: Ime(Preedit { text: "ce's", active_range_chars: Some(4..4) })
EVENT: Key { key: H, physical_key: Some(H), pressed: true, repeat: false, modifiers: Modifiers::NONE }
EVENT: Ime(Preedit { text: "ce'sh", active_range_chars: Some(5..5) })
EVENT: Key { key: S, physical_key: Some(S), pressed: false, repeat: false, modifiers: Modifiers::NONE }
EVENT: Key { key: I, physical_key: Some(I), pressed: true, repeat: false, modifiers: Modifiers::NONE }
EVENT: Ime(Preedit { text: "ce'shi", active_range_chars: Some(6..6) })
EVENT: Key { key: H, physical_key: Some(H), pressed: false, repeat: false, modifiers: Modifiers::NONE }
EVENT: Key { key: Space, physical_key: Some(Space), pressed: true, repeat: false, modifiers: Modifiers::NONE }
EVENT: Ime(Preedit { text: "", active_range_chars: None })
EVENT: Ime(Commit("测试"))
EVENT: Key { key: I, physical_key: Some(I), pressed: false, repeat: false, modifiers: Modifiers::NONE }
EVENT: Key { key: Space, physical_key: Some(Space), pressed: false, repeat: false, modifiers: Modifiers::NONE }
EVENT: Key { key: W, physical_key: Some(W), pressed: true, repeat: false, modifiers: Modifiers::NONE }
EVENT: Ime(Preedit { text: "w", active_range_chars: Some(1..1) })
EVENT: Key { key: E, physical_key: Some(E), pressed: true, repeat: false, modifiers: Modifiers::NONE }
EVENT: Ime(Preedit { text: "we", active_range_chars: Some(2..2) })
EVENT: Key { key: W, physical_key: Some(W), pressed: false, repeat: false, modifiers: Modifiers::NONE }
EVENT: Key { key: N, physical_key: Some(N), pressed: true, repeat: false, modifiers: Modifiers::NONE }
EVENT: Ime(Preedit { text: "wen", active_range_chars: Some(3..3) })
EVENT: Key { key: E, physical_key: Some(E), pressed: false, repeat: false, modifiers: Modifiers::NONE }
EVENT: Key { key: N, physical_key: Some(N), pressed: false, repeat: false, modifiers: Modifiers::NONE }
EVENT: Key { key: B, physical_key: Some(B), pressed: true, repeat: false, modifiers: Modifiers::NONE }
EVENT: Ime(Preedit { text: "wen'b", active_range_chars: Some(5..5) })
EVENT: Key { key: B, physical_key: Some(B), pressed: false, repeat: false, modifiers: Modifiers::NONE }
EVENT: Key { key: E, physical_key: Some(E), pressed: true, repeat: false, modifiers: Modifiers::NONE }
EVENT: Ime(Preedit { text: "wen'be", active_range_chars: Some(6..6) })
EVENT: Key { key: N, physical_key: Some(N), pressed: true, repeat: false, modifiers: Modifiers::NONE }
EVENT: Ime(Preedit { text: "wen'ben", active_range_chars: Some(7..7) })
EVENT: Key { key: E, physical_key: Some(E), pressed: false, repeat: false, modifiers: Modifiers::NONE }
EVENT: Key { key: Space, physical_key: Some(Space), pressed: true, repeat: false, modifiers: Modifiers::NONE }
EVENT: Ime(Preedit { text: "", active_range_chars: None })
EVENT: Ime(Commit("文本"))
EVENT: Key { key: N, physical_key: Some(N), pressed: false, repeat: false, modifiers: Modifiers::NONE }
EVENT: Key { key: Space, physical_key: Some(Space), pressed: false, repeat: false, modifiers: Modifiers::NONE }
EVENT: Key { key: S, physical_key: Some(S), pressed: true, repeat: false, modifiers: Modifiers::NONE }
EVENT: Ime(Preedit { text: "s", active_range_chars: Some(1..1) })
EVENT: Key { key: H, physical_key: Some(H), pressed: true, repeat: false, modifiers: Modifiers::NONE }
EVENT: Ime(Preedit { text: "sh", active_range_chars: Some(2..2) })
EVENT: Key { key: S, physical_key: Some(S), pressed: false, repeat: false, modifiers: Modifiers::NONE }
EVENT: Key { key: U, physical_key: Some(U), pressed: true, repeat: false, modifiers: Modifiers::NONE }
EVENT: Ime(Preedit { text: "shu", active_range_chars: Some(3..3) })
EVENT: Key { key: H, physical_key: Some(H), pressed: false, repeat: false, modifiers: Modifiers::NONE }
EVENT: Key { key: U, physical_key: Some(U), pressed: false, repeat: false, modifiers: Modifiers::NONE }
EVENT: Key { key: R, physical_key: Some(R), pressed: true, repeat: false, modifiers: Modifiers::NONE }
EVENT: Ime(Preedit { text: "shu'r", active_range_chars: Some(5..5) })
EVENT: Key { key: R, physical_key: Some(R), pressed: false, repeat: false, modifiers: Modifiers::NONE }
EVENT: Key { key: U, physical_key: Some(U), pressed: true, repeat: false, modifiers: Modifiers::NONE }
EVENT: Ime(Preedit { text: "shu'ru", active_range_chars: Some(6..6) })
EVENT: Key { key: Space, physical_key: Some(Space), pressed: true, repeat: false, modifiers: Modifiers::NONE }
EVENT: Ime(Preedit { text: "", active_range_chars: None })
EVENT: Ime(Commit("输入"))
EVENT: Key { key: U, physical_key: Some(U), pressed: false, repeat: false, modifiers: Modifiers::NONE }
EVENT: Key { key: Space, physical_key: Some(Space), pressed: false, repeat: false, modifiers: Modifiers::NONE }
EVENT: Key { key: Enter, physical_key: Some(Enter), pressed: true, repeat: false, modifiers: Modifiers::NONE }
EVENT: Key { key: Enter, physical_key: Some(Enter), pressed: false, repeat: false, modifiers: Modifiers::NONE }
EVENT: Key { key: Z, physical_key: Some(Z), pressed: true, repeat: false, modifiers: Modifiers::NONE }
EVENT: Ime(Preedit { text: "z", active_range_chars: Some(1..1) })
EVENT: Key { key: A, physical_key: Some(A), pressed: true, repeat: false, modifiers: Modifiers::NONE }
EVENT: Ime(Preedit { text: "za", active_range_chars: Some(2..2) })
EVENT: Key { key: Z, physical_key: Some(Z), pressed: false, repeat: false, modifiers: Modifiers::NONE }
EVENT: Key { key: A, physical_key: Some(A), pressed: false, repeat: false, modifiers: Modifiers::NONE }
EVENT: Key { key: N, physical_key: Some(N), pressed: true, repeat: false, modifiers: Modifiers::NONE }
EVENT: Ime(Preedit { text: "zan", active_range_chars: Some(3..3) })
EVENT: Key { key: N, physical_key: Some(N), pressed: false, repeat: false, modifiers: Modifiers::NONE }
EVENT: Key { key: S, physical_key: Some(S), pressed: true, repeat: false, modifiers: Modifiers::NONE }
EVENT: Ime(Preedit { text: "zan's", active_range_chars: Some(5..5) })
EVENT: Key { key: H, physical_key: Some(H), pressed: true, repeat: false, modifiers: Modifiers::NONE }
EVENT: Ime(Preedit { text: "zan'sh", active_range_chars: Some(6..6) })
EVENT: Key { key: S, physical_key: Some(S), pressed: false, repeat: false, modifiers: Modifiers::NONE }
EVENT: Key { key: H, physical_key: Some(H), pressed: false, repeat: false, modifiers: Modifiers::NONE }
EVENT: Key { key: I, physical_key: Some(I), pressed: true, repeat: false, modifiers: Modifiers::NONE }
EVENT: Ime(Preedit { text: "zan'shi", active_range_chars: Some(7..7) })
EVENT: Key { key: I, physical_key: Some(I), pressed: false, repeat: false, modifiers: Modifiers::NONE }
EVENT: Key { key: Space, physical_key: Some(Space), pressed: true, repeat: false, modifiers: Modifiers::NONE }
EVENT: Ime(Preedit { text: "", active_range_chars: None })
EVENT: Ime(Commit("暂时"))
EVENT: Key { key: Space, physical_key: Some(Space), pressed: false, repeat: false, modifiers: Modifiers::NONE }
EVENT: Key { key: M, physical_key: Some(M), pressed: true, repeat: false, modifiers: Modifiers::NONE }
EVENT: Ime(Preedit { text: "m", active_range_chars: Some(1..1) })
EVENT: Key { key: E, physical_key: Some(E), pressed: true, repeat: false, modifiers: Modifiers::NONE }
EVENT: Ime(Preedit { text: "me", active_range_chars: Some(2..2) })
EVENT: Key { key: M, physical_key: Some(M), pressed: false, repeat: false, modifiers: Modifiers::NONE }
EVENT: Key { key: I, physical_key: Some(I), pressed: true, repeat: false, modifiers: Modifiers::NONE }
EVENT: Ime(Preedit { text: "mei", active_range_chars: Some(3..3) })
EVENT: Key { key: E, physical_key: Some(E), pressed: false, repeat: false, modifiers: Modifiers::NONE }
EVENT: Key { key: I, physical_key: Some(I), pressed: false, repeat: false, modifiers: Modifiers::NONE }
EVENT: Key { key: Y, physical_key: Some(Y), pressed: true, repeat: false, modifiers: Modifiers::NONE }
EVENT: Ime(Preedit { text: "mei'y", active_range_chars: Some(5..5) })
EVENT: Key { key: Y, physical_key: Some(Y), pressed: false, repeat: false, modifiers: Modifiers::NONE }
EVENT: Key { key: Space, physical_key: Some(Space), pressed: true, repeat: false, modifiers: Modifiers::NONE }
EVENT: Ime(Preedit { text: "", active_range_chars: None })
EVENT: Ime(Commit("没有"))
EVENT: Key { key: Comma, physical_key: Some(Comma), pressed: true, repeat: false, modifiers: Modifiers::NONE }
EVENT: Ime(Preedit { text: "", active_range_chars: None })
EVENT: Ime(Commit("，"))
EVENT: Key { key: Space, physical_key: Some(Space), pressed: false, repeat: false, modifiers: Modifiers::NONE }
EVENT: Key { key: Comma, physical_key: Some(Comma), pressed: false, repeat: false, modifiers: Modifiers::NONE }
EVENT: Key { key: M, physical_key: Some(M), pressed: true, repeat: false, modifiers: Modifiers::NONE }
EVENT: Ime(Preedit { text: "m", active_range_chars: Some(1..1) })
EVENT: Key { key: M, physical_key: Some(M), pressed: false, repeat: false, modifiers: Modifiers::NONE }
EVENT: Key { key: A, physical_key: Some(A), pressed: true, repeat: false, modifiers: Modifiers::NONE }
EVENT: Ime(Preedit { text: "ma", active_range_chars: Some(2..2) })
EVENT: Key { key: A, physical_key: Some(A), pressed: false, repeat: false, modifiers: Modifiers::NONE }
EVENT: Key { key: F, physical_key: Some(F), pressed: true, repeat: false, modifiers: Modifiers::NONE }
EVENT: Ime(Preedit { text: "ma'f", active_range_chars: Some(4..4) })
EVENT: Key { key: A, physical_key: Some(A), pressed: true, repeat: false, modifiers: Modifiers::NONE }
EVENT: Ime(Preedit { text: "ma'fa", active_range_chars: Some(5..5) })
EVENT: Key { key: F, physical_key: Some(F), pressed: false, repeat: false, modifiers: Modifiers::NONE }
EVENT: Key { key: N, physical_key: Some(N), pressed: true, repeat: false, modifiers: Modifiers::NONE }
EVENT: Ime(Preedit { text: "ma'fan", active_range_chars: Some(6..6) })
EVENT: Key { key: A, physical_key: Some(A), pressed: false, repeat: false, modifiers: Modifiers::NONE }
EVENT: Key { key: N, physical_key: Some(N), pressed: false, repeat: false, modifiers: Modifiers::NONE }
EVENT: Key { key: L, physical_key: Some(L), pressed: true, repeat: false, modifiers: Modifiers::NONE }
EVENT: Ime(Preedit { text: "ma'fan'l", active_range_chars: Some(8..8) })
EVENT: Key { key: E, physical_key: Some(E), pressed: true, repeat: false, modifiers: Modifiers::NONE }
EVENT: Ime(Preedit { text: "ma'fan'le", active_range_chars: Some(9..9) })
EVENT: Key { key: L, physical_key: Some(L), pressed: false, repeat: false, modifiers: Modifiers::NONE }
EVENT: Key { key: Space, physical_key: Some(Space), pressed: true, repeat: false, modifiers: Modifiers::NONE }
EVENT: Ime(Preedit { text: "", active_range_chars: None })
EVENT: Ime(Commit("麻烦了"))
EVENT: Key { key: E, physical_key: Some(E), pressed: false, repeat: false, modifiers: Modifiers::NONE }
EVENT: Key { key: Space, physical_key: Some(Space), pressed: false, repeat: false, modifiers: Modifiers::NONE }
EVENT: Key { key: Enter, physical_key: Some(Enter), pressed: true, repeat: false, modifiers: Modifiers::NONE }
EVENT: Key { key: Enter, physical_key: Some(Enter), pressed: false, repeat: false, modifiers: Modifiers::NONE }
EVENT: Key { key: C, physical_key: Some(C), pressed: true, repeat: false, modifiers: Modifiers::NONE }
EVENT: Ime(Preedit { text: "c", active_range_chars: Some(1..1) })
EVENT: Key { key: C, physical_key: Some(C), pressed: false, repeat: false, modifiers: Modifiers::NONE }
EVENT: Key { key: E, physical_key: Some(E), pressed: true, repeat: false, modifiers: Modifiers::NONE }
EVENT: Ime(Preedit { text: "ce", active_range_chars: Some(2..2) })
EVENT: Key { key: E, physical_key: Some(E), pressed: false, repeat: false, modifiers: Modifiers::NONE }
EVENT: Key { key: S, physical_key: Some(S), pressed: true, repeat: false, modifiers: Modifiers::NONE }
EVENT: Ime(Preedit { text: "ce's", active_range_chars: Some(4..4) })
EVENT: Key { key: H, physical_key: Some(H), pressed: true, repeat: false, modifiers: Modifiers::NONE }
EVENT: Ime(Preedit { text: "ce'sh", active_range_chars: Some(5..5) })
EVENT: Key { key: S, physical_key: Some(S), pressed: false, repeat: false, modifiers: Modifiers::NONE }
EVENT: Key { key: H, physical_key: Some(H), pressed: false, repeat: false, modifiers: Modifiers::NONE }
EVENT: Key { key: Space, physical_key: Some(Space), pressed: true, repeat: false, modifiers: Modifiers::NONE }
EVENT: Ime(Preedit { text: "", active_range_chars: None })
EVENT: Ime(Commit("测试"))
EVENT: Key { key: Space, physical_key: Some(Space), pressed: false, repeat: false, modifiers: Modifiers::NONE }
EVENT: Key { key: Y, physical_key: Some(Y), pressed: true, repeat: false, modifiers: Modifiers::NONE }
EVENT: Ime(Preedit { text: "y", active_range_chars: Some(1..1) })
EVENT: Key { key: I, physical_key: Some(I), pressed: true, repeat: false, modifiers: Modifiers::NONE }
EVENT: Ime(Preedit { text: "yi", active_range_chars: Some(2..2) })
EVENT: Key { key: Y, physical_key: Some(Y), pressed: false, repeat: false, modifiers: Modifiers::NONE }
EVENT: Key { key: X, physical_key: Some(X), pressed: true, repeat: false, modifiers: Modifiers::NONE }
EVENT: Ime(Preedit { text: "yi'x", active_range_chars: Some(4..4) })
EVENT: Key { key: I, physical_key: Some(I), pressed: false, repeat: false, modifiers: Modifiers::NONE }
EVENT: Key { key: A, physical_key: Some(A), pressed: true, repeat: false, modifiers: Modifiers::NONE }
EVENT: Ime(Preedit { text: "yi'x'a", active_range_chars: Some(6..6) })
EVENT: Key { key: X, physical_key: Some(X), pressed: false, repeat: false, modifiers: Modifiers::NONE }
EVENT: Key { key: I, physical_key: Some(I), pressed: true, repeat: false, modifiers: Modifiers::NONE }
EVENT: Ime(Preedit { text: "yi'xai", active_range_chars: Some(6..6) })
EVENT: Key { key: A, physical_key: Some(A), pressed: false, repeat: false, modifiers: Modifiers::NONE }
EVENT: Key { key: I, physical_key: Some(I), pressed: false, repeat: false, modifiers: Modifiers::NONE }
EVENT: Key { key: Space, physical_key: Some(Space), pressed: true, repeat: false, modifiers: Modifiers::NONE }
EVENT: Ime(Preedit { text: "", active_range_chars: None })
EVENT: Ime(Commit("一下"))
EVENT: Key { key: Space, physical_key: Some(Space), pressed: false, repeat: false, modifiers: Modifiers::NONE }
EVENT: Key { key: J, physical_key: Some(J), pressed: true, repeat: false, modifiers: Modifiers::NONE }
EVENT: Ime(Preedit { text: "j", active_range_chars: Some(1..1) })
EVENT: Key { key: I, physical_key: Some(I), pressed: true, repeat: false, modifiers: Modifiers::NONE }
EVENT: Ime(Preedit { text: "ji", active_range_chars: Some(2..2) })
EVENT: Key { key: J, physical_key: Some(J), pressed: false, repeat: false, modifiers: Modifiers::NONE }
EVENT: Key { key: I, physical_key: Some(I), pressed: false, repeat: false, modifiers: Modifiers::NONE }
EVENT: Key { key: N, physical_key: Some(N), pressed: true, repeat: false, modifiers: Modifiers::NONE }
EVENT: Ime(Preedit { text: "jin", active_range_chars: Some(3..3) })
EVENT: Key { key: N, physical_key: Some(N), pressed: false, repeat: false, modifiers: Modifiers::NONE }
EVENT: Key { key: B, physical_key: Some(B), pressed: true, repeat: false, modifiers: Modifiers::NONE }
EVENT: Ime(Preedit { text: "jin'b", active_range_chars: Some(5..5) })
EVENT: Key { key: A, physical_key: Some(A), pressed: true, repeat: false, modifiers: Modifiers::NONE }
EVENT: Ime(Preedit { text: "jin'ba", active_range_chars: Some(6..6) })
EVENT: Key { key: B, physical_key: Some(B), pressed: false, repeat: false, modifiers: Modifiers::NONE }
EVENT: Key { key: A, physical_key: Some(A), pressed: false, repeat: false, modifiers: Modifiers::NONE }
EVENT: Key { key: N, physical_key: Some(N), pressed: true, repeat: false, modifiers: Modifiers::NONE }
EVENT: Ime(Preedit { text: "jin'ban", active_range_chars: Some(7..7) })
EVENT: Key { key: N, physical_key: Some(N), pressed: false, repeat: false, modifiers: Modifiers::NONE }
EVENT: Key { key: B, physical_key: Some(B), pressed: true, repeat: false, modifiers: Modifiers::NONE }
EVENT: Ime(Preedit { text: "jin'ban'b", active_range_chars: Some(9..9) })
EVENT: Key { key: E, physical_key: Some(E), pressed: true, repeat: false, modifiers: Modifiers::NONE }
EVENT: Ime(Preedit { text: "jin'ban'be", active_range_chars: Some(10..10) })
EVENT: Key { key: B, physical_key: Some(B), pressed: false, repeat: false, modifiers: Modifiers::NONE }
EVENT: Key { key: E, physical_key: Some(E), pressed: false, repeat: false, modifiers: Modifiers::NONE }
EVENT: Key { key: N, physical_key: Some(N), pressed: true, repeat: false, modifiers: Modifiers::NONE }
EVENT: Ime(Preedit { text: "jin'ban'ben", active_range_chars: Some(11..11) })
EVENT: Key { key: Space, physical_key: Some(Space), pressed: true, repeat: false, modifiers: Modifiers::NONE }
EVENT: Ime(Preedit { text: "", active_range_chars: None })
EVENT: Ime(Commit("进版本"))
EVENT: Key { key: N, physical_key: Some(N), pressed: false, repeat: false, modifiers: Modifiers::NONE }
EVENT: Key { key: Space, physical_key: Some(Space), pressed: false, repeat: false, modifiers: Modifiers::NONE }
EVENT: Key { key: Backspace, physical_key: Some(Backspace), pressed: true, repeat: false, modifiers: Modifiers::NONE }
EVENT: Key { key: Backspace, physical_key: Some(Backspace), pressed: false, repeat: false, modifiers: Modifiers::NONE }
EVENT: Key { key: Backspace, physical_key: Some(Backspace), pressed: true, repeat: false, modifiers: Modifiers::NONE }
EVENT: Key { key: Backspace, physical_key: Some(Backspace), pressed: false, repeat: false, modifiers: Modifiers::NONE }
EVENT: Key { key: Backspace, physical_key: Some(Backspace), pressed: true, repeat: false, modifiers: Modifiers::NONE }
EVENT: Key { key: Backspace, physical_key: Some(Backspace), pressed: false, repeat: false, modifiers: Modifiers::NONE }
EVENT: Key { key: X, physical_key: Some(X), pressed: true, repeat: false, modifiers: Modifiers::NONE }
EVENT: Ime(Preedit { text: "x", active_range_chars: Some(1..1) })
EVENT: Key { key: I, physical_key: Some(I), pressed: true, repeat: false, modifiers: Modifiers::NONE }
EVENT: Ime(Preedit { text: "xi", active_range_chars: Some(2..2) })
EVENT: Key { key: X, physical_key: Some(X), pressed: false, repeat: false, modifiers: Modifiers::NONE }
EVENT: Key { key: I, physical_key: Some(I), pressed: false, repeat: false, modifiers: Modifiers::NONE }
EVENT: Key { key: N, physical_key: Some(N), pressed: true, repeat: false, modifiers: Modifiers::NONE }
EVENT: Ime(Preedit { text: "xin", active_range_chars: Some(3..3) })
EVENT: Key { key: N, physical_key: Some(N), pressed: false, repeat: false, modifiers: Modifiers::NONE }
EVENT: Key { key: B, physical_key: Some(B), pressed: true, repeat: false, modifiers: Modifiers::NONE }
EVENT: Ime(Preedit { text: "xin'b", active_range_chars: Some(5..5) })
EVENT: Key { key: B, physical_key: Some(B), pressed: false, repeat: false, modifiers: Modifiers::NONE }
EVENT: Key { key: A, physical_key: Some(A), pressed: true, repeat: false, modifiers: Modifiers::NONE }
EVENT: Ime(Preedit { text: "xin'ba", active_range_chars: Some(6..6) })
EVENT: Key { key: N, physical_key: Some(N), pressed: true, repeat: false, modifiers: Modifiers::NONE }
EVENT: Ime(Preedit { text: "xin'ban", active_range_chars: Some(7..7) })
EVENT: Key { key: A, physical_key: Some(A), pressed: false, repeat: false, modifiers: Modifiers::NONE }
EVENT: Key { key: N, physical_key: Some(N), pressed: false, repeat: false, modifiers: Modifiers::NONE }
EVENT: Key { key: B, physical_key: Some(B), pressed: true, repeat: false, modifiers: Modifiers::NONE }
EVENT: Ime(Preedit { text: "xin'ban'b", active_range_chars: Some(9..9) })
EVENT: Key { key: B, physical_key: Some(B), pressed: false, repeat: false, modifiers: Modifiers::NONE }
EVENT: Key { key: E, physical_key: Some(E), pressed: true, repeat: false, modifiers: Modifiers::NONE }
EVENT: Ime(Preedit { text: "xin'ban'be", active_range_chars: Some(10..10) })
EVENT: Key { key: N, physical_key: Some(N), pressed: true, repeat: false, modifiers: Modifiers::NONE }
EVENT: Ime(Preedit { text: "xin'ban'ben", active_range_chars: Some(11..11) })
EVENT: Key { key: E, physical_key: Some(E), pressed: false, repeat: false, modifiers: Modifiers::NONE }
EVENT: Key { key: N, physical_key: Some(N), pressed: false, repeat: false, modifiers: Modifiers::NONE }
EVENT: Key { key: Space, physical_key: Some(Space), pressed: true, repeat: false, modifiers: Modifiers::NONE }
EVENT: Ime(Preedit { text: "", active_range_chars: None })
EVENT: Ime(Commit("新版本"))
EVENT: Key { key: Space, physical_key: Some(Space), pressed: false, repeat: false, modifiers: Modifiers::NONE }
EVENT: Key { key: Z, physical_key: Some(Z), pressed: true, repeat: false, modifiers: Modifiers::NONE }
EVENT: Ime(Preedit { text: "z", active_range_chars: Some(1..1) })
EVENT: Key { key: H, physical_key: Some(H), pressed: true, repeat: false, modifiers: Modifiers::NONE }
EVENT: Ime(Preedit { text: "zh", active_range_chars: Some(2..2) })
EVENT: Key { key: Z, physical_key: Some(Z), pressed: false, repeat: false, modifiers: Modifiers::NONE }
EVENT: Key { key: O, physical_key: Some(O), pressed: true, repeat: false, modifiers: Modifiers::NONE }
EVENT: Ime(Preedit { text: "zho", active_range_chars: Some(3..3) })
EVENT: Key { key: H, physical_key: Some(H), pressed: false, repeat: false, modifiers: Modifiers::NONE }
EVENT: Key { key: N, physical_key: Some(N), pressed: true, repeat: false, modifiers: Modifiers::NONE }
EVENT: Ime(Preedit { text: "zhon", active_range_chars: Some(4..4) })
EVENT: Key { key: O, physical_key: Some(O), pressed: false, repeat: false, modifiers: Modifiers::NONE }
EVENT: Key { key: N, physical_key: Some(N), pressed: false, repeat: false, modifiers: Modifiers::NONE }
EVENT: Key { key: G, physical_key: Some(G), pressed: true, repeat: false, modifiers: Modifiers::NONE }
EVENT: Ime(Preedit { text: "zhong", active_range_chars: Some(5..5) })
EVENT: Key { key: W, physical_key: Some(W), pressed: true, repeat: false, modifiers: Modifiers::NONE }
EVENT: Ime(Preedit { text: "zhong'w", active_range_chars: Some(7..7) })
EVENT: Key { key: G, physical_key: Some(G), pressed: false, repeat: false, modifiers: Modifiers::NONE }
EVENT: Key { key: E, physical_key: Some(E), pressed: true, repeat: false, modifiers: Modifiers::NONE }
EVENT: Ime(Preedit { text: "zhong'we", active_range_chars: Some(8..8) })
EVENT: Key { key: W, physical_key: Some(W), pressed: false, repeat: false, modifiers: Modifiers::NONE }
EVENT: Key { key: N, physical_key: Some(N), pressed: true, repeat: false, modifiers: Modifiers::NONE }
EVENT: Ime(Preedit { text: "zhong'wen", active_range_chars: Some(9..9) })
EVENT: Key { key: E, physical_key: Some(E), pressed: false, repeat: false, modifiers: Modifiers::NONE }
EVENT: Key { key: Space, physical_key: Some(Space), pressed: true, repeat: false, modifiers: Modifiers::NONE }
EVENT: Ime(Preedit { text: "", active_range_chars: None })
EVENT: Ime(Commit("中文"))
EVENT: Key { key: Space, physical_key: Some(Space), pressed: false, repeat: false, modifiers: Modifiers::NONE }
EVENT: Key { key: N, physical_key: Some(N), pressed: false, repeat: false, modifiers: Modifiers::NONE }
EVENT: Key { key: D, physical_key: Some(D), pressed: true, repeat: false, modifiers: Modifiers::NONE }
EVENT: Ime(Preedit { text: "d", active_range_chars: Some(1..1) })
EVENT: Key { key: Space, physical_key: Some(Space), pressed: true, repeat: false, modifiers: Modifiers::NONE }
EVENT: Ime(Preedit { text: "", active_range_chars: None })
EVENT: Ime(Commit("的"))
EVENT: Key { key: Space, physical_key: Some(Space), pressed: false, repeat: false, modifiers: Modifiers::NONE }
EVENT: Key { key: D, physical_key: Some(D), pressed: false, repeat: false, modifiers: Modifiers::NONE }
EVENT: Key { key: C, physical_key: Some(C), pressed: true, repeat: false, modifiers: Modifiers::NONE }
EVENT: Ime(Preedit { text: "c", active_range_chars: Some(1..1) })
EVENT: Key { key: C, physical_key: Some(C), pressed: false, repeat: false, modifiers: Modifiers::NONE }
EVENT: Key { key: Backspace, physical_key: Some(Backspace), pressed: true, repeat: false, modifiers: Modifiers::NONE }
EVENT: Ime(Preedit { text: "", active_range_chars: None })
EVENT: Ime(Preedit { text: "", active_range_chars: None })
EVENT: Ime(Commit(""))
EVENT: Key { key: Backspace, physical_key: Some(Backspace), pressed: true, repeat: true, modifiers: Modifiers::NONE }
EVENT: Key { key: Backspace, physical_key: Some(Backspace), pressed: true, repeat: true, modifiers: Modifiers::NONE }
EVENT: Key { key: Backspace, physical_key: Some(Backspace), pressed: true, repeat: true, modifiers: Modifiers::NONE }
EVENT: Key { key: Backspace, physical_key: Some(Backspace), pressed: true, repeat: true, modifiers: Modifiers::NONE }
EVENT: Key { key: Backspace, physical_key: Some(Backspace), pressed: true, repeat: true, modifiers: Modifiers::NONE }
EVENT: Key { key: Backspace, physical_key: Some(Backspace), pressed: true, repeat: true, modifiers: Modifiers::NONE }
EVENT: Key { key: Backspace, physical_key: Some(Backspace), pressed: true, repeat: true, modifiers: Modifiers::NONE }
EVENT: Key { key: Backspace, physical_key: Some(Backspace), pressed: true, repeat: true, modifiers: Modifiers::NONE }
EVENT: Key { key: Backspace, physical_key: Some(Backspace), pressed: true, repeat: true, modifiers: Modifiers::NONE }
EVENT: Key { key: Backspace, physical_key: Some(Backspace), pressed: true, repeat: true, modifiers: Modifiers::NONE }
EVENT: Key { key: Backspace, physical_key: Some(Backspace), pressed: true, repeat: true, modifiers: Modifiers::NONE }
EVENT: Key { key: Backspace, physical_key: Some(Backspace), pressed: true, repeat: true, modifiers: Modifiers::NONE }
EVENT: Key { key: Backspace, physical_key: Some(Backspace), pressed: true, repeat: true, modifiers: Modifiers::NONE }
EVENT: Key { key: Backspace, physical_key: Some(Backspace), pressed: true, repeat: true, modifiers: Modifiers::NONE }
EVENT: Key { key: Backspace, physical_key: Some(Backspace), pressed: true, repeat: true, modifiers: Modifiers::NONE }
EVENT: Key { key: Backspace, physical_key: Some(Backspace), pressed: true, repeat: true, modifiers: Modifiers::NONE }
EVENT: Key { key: Backspace, physical_key: Some(Backspace), pressed: true, repeat: true, modifiers: Modifiers::NONE }
EVENT: Key { key: Backspace, physical_key: Some(Backspace), pressed: false, repeat: false, modifiers: Modifiers::NONE }
EVENT: Key { key: AltLeft, physical_key: Some(AltLeft), pressed: true, repeat: false, modifiers: Modifiers { alt: true } }
EVENT: Key { key: AltLeft, physical_key: Some(AltLeft), pressed: false, repeat: false, modifiers: Modifiers::NONE }
EVENT: Key { key: S, physical_key: Some(S), pressed: true, repeat: false, modifiers: Modifiers::NONE }
EVENT: Ime(Preedit { text: "s", active_range_chars: Some(1..1) })
EVENT: Key { key: H, physical_key: Some(H), pressed: true, repeat: false, modifiers: Modifiers::NONE }
EVENT: Ime(Preedit { text: "sh", active_range_chars: Some(2..2) })
EVENT: Key { key: S, physical_key: Some(S), pressed: false, repeat: false, modifiers: Modifiers::NONE }
EVENT: Key { key: U, physical_key: Some(U), pressed: true, repeat: false, modifiers: Modifiers::NONE }
EVENT: Ime(Preedit { text: "shu", active_range_chars: Some(3..3) })
EVENT: Key { key: H, physical_key: Some(H), pressed: false, repeat: false, modifiers: Modifiers::NONE }
EVENT: Key { key: C, physical_key: Some(C), pressed: true, repeat: false, modifiers: Modifiers::NONE }
EVENT: Ime(Preedit { text: "shu'c", active_range_chars: Some(5..5) })
EVENT: Key { key: U, physical_key: Some(U), pressed: false, repeat: false, modifiers: Modifiers::NONE }
EVENT: Key { key: H, physical_key: Some(H), pressed: true, repeat: false, modifiers: Modifiers::NONE }
EVENT: Ime(Preedit { text: "shu'ch", active_range_chars: Some(6..6) })
EVENT: Key { key: C, physical_key: Some(C), pressed: false, repeat: false, modifiers: Modifiers::NONE }
EVENT: Key { key: U, physical_key: Some(U), pressed: true, repeat: false, modifiers: Modifiers::NONE }
EVENT: Ime(Preedit { text: "shu'chu", active_range_chars: Some(7..7) })
EVENT: Key { key: H, physical_key: Some(H), pressed: false, repeat: false, modifiers: Modifiers::NONE }
EVENT: Key { key: U, physical_key: Some(U), pressed: false, repeat: false, modifiers: Modifiers::NONE }
EVENT: Key { key: Space, physical_key: Some(Space), pressed: true, repeat: false, modifiers: Modifiers::NONE }
EVENT: Ime(Preedit { text: "", active_range_chars: None })
EVENT: Ime(Commit("输出"))
EVENT: Key { key: Space, physical_key: Some(Space), pressed: false, repeat: false, modifiers: Modifiers::NONE }
EVENT: Key { key: Y, physical_key: Some(Y), pressed: true, repeat: false, modifiers: Modifiers::NONE }
EVENT: Ime(Preedit { text: "y", active_range_chars: Some(1..1) })
EVENT: Key { key: I, physical_key: Some(I), pressed: true, repeat: false, modifiers: Modifiers::NONE }
EVENT: Ime(Preedit { text: "yi", active_range_chars: Some(2..2) })
EVENT: Key { key: Y, physical_key: Some(Y), pressed: false, repeat: false, modifiers: Modifiers::NONE }
EVENT: Key { key: I, physical_key: Some(I), pressed: false, repeat: false, modifiers: Modifiers::NONE }
EVENT: Key { key: F, physical_key: Some(F), pressed: true, repeat: false, modifiers: Modifiers::NONE }
EVENT: Ime(Preedit { text: "yi'f", active_range_chars: Some(4..4) })
EVENT: Key { key: F, physical_key: Some(F), pressed: false, repeat: false, modifiers: Modifiers::NONE }
EVENT: Key { key: E, physical_key: Some(E), pressed: true, repeat: false, modifiers: Modifiers::NONE }
EVENT: Ime(Preedit { text: "yi'fe", active_range_chars: Some(5..5) })
EVENT: Key { key: N, physical_key: Some(N), pressed: true, repeat: false, modifiers: Modifiers::NONE }
EVENT: Ime(Preedit { text: "yi'fen", active_range_chars: Some(6..6) })
EVENT: Key { key: N, physical_key: Some(N), pressed: false, repeat: false, modifiers: Modifiers::NONE }
EVENT: Key { key: E, physical_key: Some(E), pressed: false, repeat: false, modifiers: Modifiers::NONE }
EVENT: Key { key: Num2, physical_key: Some(Num2), pressed: true, repeat: false, modifiers: Modifiers::NONE }
EVENT: Ime(Preedit { text: "", active_range_chars: None })
EVENT: Ime(Commit("一份"))
EVENT: Key { key: Num2, physical_key: Some(Num2), pressed: false, repeat: false, modifiers: Modifiers::NONE }
EVENT: Key { key: Y, physical_key: Some(Y), pressed: true, repeat: false, modifiers: Modifiers::NONE }
EVENT: Ime(Preedit { text: "y", active_range_chars: Some(1..1) })
EVENT: Key { key: I, physical_key: Some(I), pressed: true, repeat: false, modifiers: Modifiers::NONE }
EVENT: Ime(Preedit { text: "yi", active_range_chars: Some(2..2) })
EVENT: Key { key: Y, physical_key: Some(Y), pressed: false, repeat: false, modifiers: Modifiers::NONE }
EVENT: Key { key: I, physical_key: Some(I), pressed: false, repeat: false, modifiers: Modifiers::NONE }
EVENT: Key { key: Q, physical_key: Some(Q), pressed: true, repeat: false, modifiers: Modifiers::NONE }
EVENT: Ime(Preedit { text: "yi'q", active_range_chars: Some(4..4) })
EVENT: Key { key: Q, physical_key: Some(Q), pressed: false, repeat: false, modifiers: Modifiers::NONE }
EVENT: Key { key: I, physical_key: Some(I), pressed: true, repeat: false, modifiers: Modifiers::NONE }
EVENT: Ime(Preedit { text: "yi'qi", active_range_chars: Some(5..5) })
EVENT: Key { key: I, physical_key: Some(I), pressed: false, repeat: false, modifiers: Modifiers::NONE }
EVENT: Key { key: A, physical_key: Some(A), pressed: true, repeat: false, modifiers: Modifiers::NONE }
EVENT: Ime(Preedit { text: "yi'qi'a", active_range_chars: Some(7..7) })
EVENT: Key { key: N, physical_key: Some(N), pressed: true, repeat: false, modifiers: Modifiers::NONE }
EVENT: Ime(Preedit { text: "yi'qian", active_range_chars: Some(7..7) })
EVENT: Key { key: A, physical_key: Some(A), pressed: false, repeat: false, modifiers: Modifiers::NONE }
EVENT: Key { key: N, physical_key: Some(N), pressed: false, repeat: false, modifiers: Modifiers::NONE }
EVENT: Key { key: Num2, physical_key: Some(Num2), pressed: true, repeat: false, modifiers: Modifiers::NONE }
EVENT: Ime(Preedit { text: "", active_range_chars: None })
EVENT: Ime(Commit("一千"))
EVENT: Key { key: Num2, physical_key: Some(Num2), pressed: false, repeat: false, modifiers: Modifiers::NONE }
EVENT: Key { key: Z, physical_key: Some(Z), pressed: true, repeat: false, modifiers: Modifiers::NONE }
EVENT: Ime(Preedit { text: "z", active_range_chars: Some(1..1) })
EVENT: Key { key: I, physical_key: Some(I), pressed: true, repeat: false, modifiers: Modifiers::NONE }
EVENT: Ime(Preedit { text: "zi", active_range_chars: Some(2..2) })
EVENT: Key { key: Z, physical_key: Some(Z), pressed: false, repeat: false, modifiers: Modifiers::NONE }
EVENT: Key { key: I, physical_key: Some(I), pressed: false, repeat: false, modifiers: Modifiers::NONE }
EVENT: Key { key: Space, physical_key: Some(Space), pressed: true, repeat: false, modifiers: Modifiers::NONE }
EVENT: Ime(Preedit { text: "", active_range_chars: None })
EVENT: Ime(Commit("字"))
EVENT: Key { key: Space, physical_key: Some(Space), pressed: false, repeat: false, modifiers: Modifiers::NONE }
EVENT: Key { key: D, physical_key: Some(D), pressed: true, repeat: false, modifiers: Modifiers::NONE }
EVENT: Ime(Preedit { text: "d", active_range_chars: Some(1..1) })
EVENT: Key { key: Space, physical_key: Some(Space), pressed: true, repeat: false, modifiers: Modifiers::NONE }
EVENT: Ime(Preedit { text: "", active_range_chars: None })
EVENT: Ime(Commit("的"))
EVENT: Key { key: D, physical_key: Some(D), pressed: false, repeat: false, modifiers: Modifiers::NONE }
EVENT: Key { key: Space, physical_key: Some(Space), pressed: false, repeat: false, modifiers: Modifiers::NONE }
EVENT: Key { key: X, physical_key: Some(X), pressed: true, repeat: false, modifiers: Modifiers::NONE }
EVENT: Ime(Preedit { text: "x", active_range_chars: Some(1..1) })
EVENT: Key { key: I, physical_key: Some(I), pressed: true, repeat: false, modifiers: Modifiers::NONE }
EVENT: Ime(Preedit { text: "xi", active_range_chars: Some(2..2) })
EVENT: Key { key: X, physical_key: Some(X), pressed: false, repeat: false, modifiers: Modifiers::NONE }
EVENT: Key { key: I, physical_key: Some(I), pressed: false, repeat: false, modifiers: Modifiers::NONE }
EVENT: Key { key: A, physical_key: Some(A), pressed: true, repeat: false, modifiers: Modifiers::NONE }
EVENT: Ime(Preedit { text: "xia", active_range_chars: Some(3..3) })
EVENT: Key { key: O, physical_key: Some(O), pressed: true, repeat: false, modifiers: Modifiers::NONE }
EVENT: Ime(Preedit { text: "xiao", active_range_chars: Some(4..4) })
EVENT: Key { key: A, physical_key: Some(A), pressed: false, repeat: false, modifiers: Modifiers::NONE }
EVENT: Key { key: O, physical_key: Some(O), pressed: false, repeat: false, modifiers: Modifiers::NONE }
EVENT: Key { key: S, physical_key: Some(S), pressed: true, repeat: false, modifiers: Modifiers::NONE }
EVENT: Ime(Preedit { text: "xiao's", active_range_chars: Some(6..6) })
EVENT: Key { key: S, physical_key: Some(S), pressed: false, repeat: false, modifiers: Modifiers::NONE }
EVENT: Key { key: H, physical_key: Some(H), pressed: true, repeat: false, modifiers: Modifiers::NONE }
EVENT: Ime(Preedit { text: "xiao'sh", active_range_chars: Some(7..7) })
EVENT: Key { key: U, physical_key: Some(U), pressed: true, repeat: false, modifiers: Modifiers::NONE }
EVENT: Ime(Preedit { text: "xiao'shu", active_range_chars: Some(8..8) })
EVENT: Key { key: H, physical_key: Some(H), pressed: false, repeat: false, modifiers: Modifiers::NONE }
EVENT: Key { key: O, physical_key: Some(O), pressed: true, repeat: false, modifiers: Modifiers::NONE }
EVENT: Ime(Preedit { text: "xiao'shuo", active_range_chars: Some(9..9) })
EVENT: Key { key: U, physical_key: Some(U), pressed: false, repeat: false, modifiers: Modifiers::NONE }
EVENT: Key { key: Space, physical_key: Some(Space), pressed: true, repeat: false, modifiers: Modifiers::NONE }
EVENT: Ime(Preedit { text: "", active_range_chars: None })
EVENT: Ime(Commit("小说"))
EVENT: Key { key: O, physical_key: Some(O), pressed: false, repeat: false, modifiers: Modifiers::NONE }
EVENT: Key { key: Space, physical_key: Some(Space), pressed: false, repeat: false, modifiers: Modifiers::NONE }
EVENT: Key { key: Enter, physical_key: Some(Enter), pressed: true, repeat: false, modifiers: Modifiers::NONE }
EVENT: Key { key: Enter, physical_key: Some(Enter), pressed: false, repeat: false, modifiers: Modifiers::NONE }
EVENT: Key { key: S, physical_key: Some(S), pressed: true, repeat: false, modifiers: Modifiers::NONE }
EVENT: Ime(Preedit { text: "s", active_range_chars: Some(1..1) })
EVENT: Key { key: S, physical_key: Some(S), pressed: false, repeat: false, modifiers: Modifiers::NONE }
EVENT: Key { key: H, physical_key: Some(H), pressed: true, repeat: false, modifiers: Modifiers::NONE }
EVENT: Ime(Preedit { text: "sh", active_range_chars: Some(2..2) })
EVENT: Key { key: U, physical_key: Some(U), pressed: true, repeat: false, modifiers: Modifiers::NONE }
EVENT: Ime(Preedit { text: "shu", active_range_chars: Some(3..3) })
EVENT: Key { key: C, physical_key: Some(C), pressed: true, repeat: false, modifiers: Modifiers::NONE }
EVENT: Ime(Preedit { text: "shu'c", active_range_chars: Some(5..5) })
EVENT: Key { key: H, physical_key: Some(H), pressed: false, repeat: false, modifiers: Modifiers::NONE }
EVENT: Key { key: U, physical_key: Some(U), pressed: false, repeat: false, modifiers: Modifiers::NONE }
EVENT: Key { key: C, physical_key: Some(C), pressed: false, repeat: false, modifiers: Modifiers::NONE }
EVENT: Key { key: H, physical_key: Some(H), pressed: true, repeat: false, modifiers: Modifiers::NONE }
EVENT: Ime(Preedit { text: "shu'ch", active_range_chars: Some(6..6) })
EVENT: Key { key: U, physical_key: Some(U), pressed: true, repeat: false, modifiers: Modifiers::NONE }
EVENT: Ime(Preedit { text: "shu'chu", active_range_chars: Some(7..7) })
EVENT: Key { key: H, physical_key: Some(H), pressed: false, repeat: false, modifiers: Modifiers::NONE }
EVENT: Key { key: U, physical_key: Some(U), pressed: false, repeat: false, modifiers: Modifiers::NONE }
EVENT: Key { key: Space, physical_key: Some(Space), pressed: true, repeat: false, modifiers: Modifiers::NONE }
EVENT: Ime(Preedit { text: "", active_range_chars: None })
EVENT: Ime(Commit("输出"))
EVENT: Key { key: Space, physical_key: Some(Space), pressed: false, repeat: false, modifiers: Modifiers::NONE }
EVENT: Key { key: Y, physical_key: Some(Y), pressed: true, repeat: false, modifiers: Modifiers::NONE }
EVENT: Ime(Preedit { text: "y", active_range_chars: Some(1..1) })
EVENT: Key { key: I, physical_key: Some(I), pressed: true, repeat: false, modifiers: Modifiers::NONE }
EVENT: Ime(Preedit { text: "yi", active_range_chars: Some(2..2) })
EVENT: Key { key: Y, physical_key: Some(Y), pressed: false, repeat: false, modifiers: Modifiers::NONE }
EVENT: Key { key: I, physical_key: Some(I), pressed: false, repeat: false, modifiers: Modifiers::NONE }
EVENT: Key { key: F, physical_key: Some(F), pressed: true, repeat: false, modifiers: Modifiers::NONE }
EVENT: Ime(Preedit { text: "yi'f", active_range_chars: Some(4..4) })
EVENT: Key { key: F, physical_key: Some(F), pressed: false, repeat: false, modifiers: Modifiers::NONE }
EVENT: Key { key: E, physical_key: Some(E), pressed: true, repeat: false, modifiers: Modifiers::NONE }
EVENT: Ime(Preedit { text: "yi'fe", active_range_chars: Some(5..5) })
EVENT: Key { key: N, physical_key: Some(N), pressed: true, repeat: false, modifiers: Modifiers::NONE }
EVENT: Ime(Preedit { text: "yi'fen", active_range_chars: Some(6..6) })
EVENT: Key { key: N, physical_key: Some(N), pressed: false, repeat: false, modifiers: Modifiers::NONE }
EVENT: Key { key: E, physical_key: Some(E), pressed: false, repeat: false, modifiers: Modifiers::NONE }
EVENT: Key { key: Space, physical_key: Some(Space), pressed: true, repeat: false, modifiers: Modifiers::NONE }
EVENT: Ime(Preedit { text: "", active_range_chars: None })
EVENT: Ime(Commit("一份"))
EVENT: Key { key: Space, physical_key: Some(Space), pressed: false, repeat: false, modifiers: Modifiers::NONE }
EVENT: Key { key: Y, physical_key: Some(Y), pressed: true, repeat: false, modifiers: Modifiers::NONE }
EVENT: Ime(Preedit { text: "y", active_range_chars: Some(1..1) })
EVENT: Key { key: I, physical_key: Some(I), pressed: true, repeat: false, modifiers: Modifiers::NONE }
EVENT: Ime(Preedit { text: "yi", active_range_chars: Some(2..2) })
EVENT: Key { key: Y, physical_key: Some(Y), pressed: false, repeat: false, modifiers: Modifiers::NONE }
EVENT: Key { key: I, physical_key: Some(I), pressed: false, repeat: false, modifiers: Modifiers::NONE }
EVENT: Key { key: Q, physical_key: Some(Q), pressed: true, repeat: false, modifiers: Modifiers::NONE }
EVENT: Ime(Preedit { text: "yi'q", active_range_chars: Some(4..4) })
EVENT: Key { key: I, physical_key: Some(I), pressed: true, repeat: false, modifiers: Modifiers::NONE }
EVENT: Ime(Preedit { text: "yi'qi", active_range_chars: Some(5..5) })
EVENT: Key { key: Q, physical_key: Some(Q), pressed: false, repeat: false, modifiers: Modifiers::NONE }
EVENT: Key { key: I, physical_key: Some(I), pressed: false, repeat: false, modifiers: Modifiers::NONE }
EVENT: Key { key: A, physical_key: Some(A), pressed: true, repeat: false, modifiers: Modifiers::NONE }
EVENT: Ime(Preedit { text: "yi'qi'a", active_range_chars: Some(7..7) })
EVENT: Key { key: N, physical_key: Some(N), pressed: true, repeat: false, modifiers: Modifiers::NONE }
EVENT: Ime(Preedit { text: "yi'qian", active_range_chars: Some(7..7) })
EVENT: Key { key: A, physical_key: Some(A), pressed: false, repeat: false, modifiers: Modifiers::NONE }
EVENT: Key { key: N, physical_key: Some(N), pressed: false, repeat: false, modifiers: Modifiers::NONE }
EVENT: Key { key: Z, physical_key: Some(Z), pressed: true, repeat: false, modifiers: Modifiers::NONE }
EVENT: Ime(Preedit { text: "yi'qian'z", active_range_chars: Some(9..9) })
EVENT: Key { key: I, physical_key: Some(I), pressed: true, repeat: false, modifiers: Modifiers::NONE }
EVENT: Ime(Preedit { text: "yi'qian'zi", active_range_chars: Some(10..10) })
EVENT: Key { key: Z, physical_key: Some(Z), pressed: false, repeat: false, modifiers: Modifiers::NONE }
EVENT: Key { key: I, physical_key: Some(I), pressed: false, repeat: false, modifiers: Modifiers::NONE }
EVENT: Key { key: Space, physical_key: Some(Space), pressed: true, repeat: false, modifiers: Modifiers::NONE }
EVENT: Ime(Preedit { text: "", active_range_chars: None })
EVENT: Ime(Commit("一千字"))
EVENT: Key { key: Space, physical_key: Some(Space), pressed: false, repeat: false, modifiers: Modifiers::NONE }
EVENT: Key { key: D, physical_key: Some(D), pressed: true, repeat: false, modifiers: Modifiers::NONE }
EVENT: Ime(Preedit { text: "d", active_range_chars: Some(1..1) })
EVENT: Key { key: Space, physical_key: Some(Space), pressed: true, repeat: false, modifiers: Modifiers::NONE }
EVENT: Ime(Preedit { text: "", active_range_chars: None })
EVENT: Ime(Commit("的"))
EVENT: Key { key: D, physical_key: Some(D), pressed: false, repeat: false, modifiers: Modifiers::NONE }
EVENT: Key { key: Space, physical_key: Some(Space), pressed: false, repeat: false, modifiers: Modifiers::NONE }
EVENT: Key { key: S, physical_key: Some(S), pressed: true, repeat: false, modifiers: Modifiers::NONE }
EVENT: Ime(Preedit { text: "s", active_range_chars: Some(1..1) })
EVENT: Key { key: S, physical_key: Some(S), pressed: false, repeat: false, modifiers: Modifiers::NONE }
EVENT: Key { key: Backspace, physical_key: Some(Backspace), pressed: true, repeat: false, modifiers: Modifiers::NONE }
EVENT: Ime(Preedit { text: "", active_range_chars: None })
EVENT: Ime(Preedit { text: "", active_range_chars: None })
EVENT: Ime(Commit(""))
EVENT: Key { key: Backspace, physical_key: Some(Backspace), pressed: false, repeat: false, modifiers: Modifiers::NONE }
EVENT: Key { key: X, physical_key: Some(X), pressed: true, repeat: false, modifiers: Modifiers::NONE }
EVENT: Ime(Preedit { text: "x", active_range_chars: Some(1..1) })
EVENT: Key { key: I, physical_key: Some(I), pressed: true, repeat: false, modifiers: Modifiers::NONE }
EVENT: Ime(Preedit { text: "xi", active_range_chars: Some(2..2) })
EVENT: Key { key: X, physical_key: Some(X), pressed: false, repeat: false, modifiers: Modifiers::NONE }
EVENT: Key { key: I, physical_key: Some(I), pressed: false, repeat: false, modifiers: Modifiers::NONE }
EVENT: Key { key: A, physical_key: Some(A), pressed: true, repeat: false, modifiers: Modifiers::NONE }
EVENT: Ime(Preedit { text: "xia", active_range_chars: Some(3..3) })
EVENT: Key { key: O, physical_key: Some(O), pressed: true, repeat: false, modifiers: Modifiers::NONE }
EVENT: Ime(Preedit { text: "xiao", active_range_chars: Some(4..4) })
EVENT: Key { key: A, physical_key: Some(A), pressed: false, repeat: false, modifiers: Modifiers::NONE }
EVENT: Key { key: S, physical_key: Some(S), pressed: true, repeat: false, modifiers: Modifiers::NONE }
EVENT: Ime(Preedit { text: "xiao's", active_range_chars: Some(6..6) })
EVENT: Key { key: O, physical_key: Some(O), pressed: false, repeat: false, modifiers: Modifiers::NONE }
EVENT: Key { key: H, physical_key: Some(H), pressed: true, repeat: false, modifiers: Modifiers::NONE }
EVENT: Ime(Preedit { text: "xiao'sh", active_range_chars: Some(7..7) })
EVENT: Key { key: S, physical_key: Some(S), pressed: false, repeat: false, modifiers: Modifiers::NONE }
EVENT: Key { key: U, physical_key: Some(U), pressed: true, repeat: false, modifiers: Modifiers::NONE }
EVENT: Ime(Preedit { text: "xiao'shu", active_range_chars: Some(8..8) })
EVENT: Key { key: H, physical_key: Some(H), pressed: false, repeat: false, modifiers: Modifiers::NONE }
EVENT: Key { key: O, physical_key: Some(O), pressed: true, repeat: false, modifiers: Modifiers::NONE }
EVENT: Ime(Preedit { text: "xiao'shuo", active_range_chars: Some(9..9) })
EVENT: Key { key: U, physical_key: Some(U), pressed: false, repeat: false, modifiers: Modifiers::NONE }
EVENT: Key { key: O, physical_key: Some(O), pressed: false, repeat: false, modifiers: Modifiers::NONE }
EVENT: Key { key: Space, physical_key: Some(Space), pressed: true, repeat: false, modifiers: Modifiers::NONE }
EVENT: Ime(Preedit { text: "", active_range_chars: None })
EVENT: Ime(Commit("小说"))
EVENT: Key { key: Space, physical_key: Some(Space), pressed: false, repeat: false, modifiers: Modifiers::NONE }
EVENT: Key { key: Enter, physical_key: Some(Enter), pressed: true, repeat: false, modifiers: Modifiers::NONE }
EVENT: Key { key: Enter, physical_key: Some(Enter), pressed: false, repeat: false, modifiers: Modifiers::NONE }
EVENT: Key { key: S, physical_key: Some(S), pressed: true, repeat: false, modifiers: Modifiers::NONE }
EVENT: Ime(Preedit { text: "s", active_range_chars: Some(1..1) })
EVENT: Key { key: S, physical_key: Some(S), pressed: false, repeat: false, modifiers: Modifiers::NONE }
EVENT: Key { key: H, physical_key: Some(H), pressed: true, repeat: false, modifiers: Modifiers::NONE }
EVENT: Ime(Preedit { text: "sh", active_range_chars: Some(2..2) })
EVENT: Key { key: U, physical_key: Some(U), pressed: true, repeat: false, modifiers: Modifiers::NONE }
EVENT: Ime(Preedit { text: "shu", active_range_chars: Some(3..3) })
EVENT: Key { key: C, physical_key: Some(C), pressed: true, repeat: false, modifiers: Modifiers::NONE }
EVENT: Ime(Preedit { text: "shu'c", active_range_chars: Some(5..5) })
EVENT: Key { key: H, physical_key: Some(H), pressed: false, repeat: false, modifiers: Modifiers::NONE }
EVENT: Key { key: U, physical_key: Some(U), pressed: false, repeat: false, modifiers: Modifiers::NONE }
EVENT: Key { key: C, physical_key: Some(C), pressed: false, repeat: false, modifiers: Modifiers::NONE }
EVENT: Key { key: H, physical_key: Some(H), pressed: true, repeat: false, modifiers: Modifiers::NONE }
EVENT: Ime(Preedit { text: "shu'ch", active_range_chars: Some(6..6) })
EVENT: Key { key: U, physical_key: Some(U), pressed: true, repeat: false, modifiers: Modifiers::NONE }
EVENT: Ime(Preedit { text: "shu'chu", active_range_chars: Some(7..7) })
EVENT: Key { key: H, physical_key: Some(H), pressed: false, repeat: false, modifiers: Modifiers::NONE }
EVENT: Key { key: U, physical_key: Some(U), pressed: false, repeat: false, modifiers: Modifiers::NONE }
EVENT: Key { key: Space, physical_key: Some(Space), pressed: true, repeat: false, modifiers: Modifiers::NONE }
EVENT: Ime(Preedit { text: "", active_range_chars: None })
EVENT: Ime(Commit("输出"))
EVENT: Key { key: Space, physical_key: Some(Space), pressed: false, repeat: false, modifiers: Modifiers::NONE }
EVENT: Key { key: Y, physical_key: Some(Y), pressed: true, repeat: false, modifiers: Modifiers::NONE }
EVENT: Ime(Preedit { text: "y", active_range_chars: Some(1..1) })
EVENT: Key { key: I, physical_key: Some(I), pressed: true, repeat: false, modifiers: Modifiers::NONE }
EVENT: Ime(Preedit { text: "yi", active_range_chars: Some(2..2) })
EVENT: Key { key: Y, physical_key: Some(Y), pressed: false, repeat: false, modifiers: Modifiers::NONE }
EVENT: Key { key: F, physical_key: Some(F), pressed: true, repeat: false, modifiers: Modifiers::NONE }
EVENT: Ime(Preedit { text: "yi'f", active_range_chars: Some(4..4) })
EVENT: Key { key: I, physical_key: Some(I), pressed: false, repeat: false, modifiers: Modifiers::NONE }
EVENT: Key { key: F, physical_key: Some(F), pressed: false, repeat: false, modifiers: Modifiers::NONE }
EVENT: Key { key: E, physical_key: Some(E), pressed: true, repeat: false, modifiers: Modifiers::NONE }
EVENT: Ime(Preedit { text: "yi'fe", active_range_chars: Some(5..5) })
EVENT: Key { key: N, physical_key: Some(N), pressed: true, repeat: false, modifiers: Modifiers::NONE }
EVENT: Ime(Preedit { text: "yi'fen", active_range_chars: Some(6..6) })
EVENT: Key { key: E, physical_key: Some(E), pressed: false, repeat: false, modifiers: Modifiers::NONE }
EVENT: Key { key: N, physical_key: Some(N), pressed: false, repeat: false, modifiers: Modifiers::NONE }
EVENT: Key { key: Space, physical_key: Some(Space), pressed: true, repeat: false, modifiers: Modifiers::NONE }
EVENT: Ime(Preedit { text: "", active_range_chars: None })
EVENT: Ime(Commit("一份"))
EVENT: Key { key: Space, physical_key: Some(Space), pressed: false, repeat: false, modifiers: Modifiers::NONE }
EVENT: Key { key: Y, physical_key: Some(Y), pressed: true, repeat: false, modifiers: Modifiers::NONE }
EVENT: Ime(Preedit { text: "y", active_range_chars: Some(1..1) })
EVENT: Key { key: I, physical_key: Some(I), pressed: true, repeat: false, modifiers: Modifiers::NONE }
EVENT: Ime(Preedit { text: "yi", active_range_chars: Some(2..2) })
EVENT: Key { key: Y, physical_key: Some(Y), pressed: false, repeat: false, modifiers: Modifiers::NONE }
EVENT: Key { key: I, physical_key: Some(I), pressed: false, repeat: false, modifiers: Modifiers::NONE }
EVENT: Key { key: Q, physical_key: Some(Q), pressed: true, repeat: false, modifiers: Modifiers::NONE }
EVENT: Ime(Preedit { text: "yi'q", active_range_chars: Some(4..4) })
EVENT: Key { key: I, physical_key: Some(I), pressed: true, repeat: false, modifiers: Modifiers::NONE }
EVENT: Ime(Preedit { text: "yi'qi", active_range_chars: Some(5..5) })
EVENT: Key { key: Q, physical_key: Some(Q), pressed: false, repeat: false, modifiers: Modifiers::NONE }
EVENT: Key { key: I, physical_key: Some(I), pressed: false, repeat: false, modifiers: Modifiers::NONE }
EVENT: Key { key: A, physical_key: Some(A), pressed: true, repeat: false, modifiers: Modifiers::NONE }
EVENT: Ime(Preedit { text: "yi'qi'a", active_range_chars: Some(7..7) })
EVENT: Key { key: N, physical_key: Some(N), pressed: true, repeat: false, modifiers: Modifiers::NONE }
EVENT: Ime(Preedit { text: "yi'qian", active_range_chars: Some(7..7) })
EVENT: Key { key: A, physical_key: Some(A), pressed: false, repeat: false, modifiers: Modifiers::NONE }
EVENT: Key { key: N, physical_key: Some(N), pressed: false, repeat: false, modifiers: Modifiers::NONE }
EVENT: Key { key: Z, physical_key: Some(Z), pressed: true, repeat: false, modifiers: Modifiers::NONE }
EVENT: Ime(Preedit { text: "yi'qian'z", active_range_chars: Some(9..9) })
EVENT: Key { key: I, physical_key: Some(I), pressed: true, repeat: false, modifiers: Modifiers::NONE }
EVENT: Ime(Preedit { text: "yi'qian'zi", active_range_chars: Some(10..10) })
EVENT: Key { key: Z, physical_key: Some(Z), pressed: false, repeat: false, modifiers: Modifiers::NONE }
EVENT: Key { key: I, physical_key: Some(I), pressed: false, repeat: false, modifiers: Modifiers::NONE }
EVENT: Key { key: Space, physical_key: Some(Space), pressed: true, repeat: false, modifiers: Modifiers::NONE }
EVENT: Ime(Preedit { text: "", active_range_chars: None })
EVENT: Ime(Commit("一千字"))
EVENT: Key { key: Space, physical_key: Some(Space), pressed: false, repeat: false, modifiers: Modifiers::NONE }
EVENT: Key { key: Space, physical_key: Some(Space), pressed: true, repeat: false, modifiers: Modifiers::NONE }
EVENT: Text(" ")
EVENT: Key { key: D, physical_key: Some(D), pressed: true, repeat: false, modifiers: Modifiers::NONE }
EVENT: Ime(Preedit { text: "d", active_range_chars: Some(1..1) })
EVENT: Key { key: Space, physical_key: Some(Space), pressed: false, repeat: false, modifiers: Modifiers::NONE }
EVENT: Key { key: D, physical_key: Some(D), pressed: false, repeat: false, modifiers: Modifiers::NONE }
EVENT: Key { key: Backspace, physical_key: Some(Backspace), pressed: true, repeat: false, modifiers: Modifiers::NONE }
EVENT: Ime(Preedit { text: "", active_range_chars: None })
EVENT: Ime(Preedit { text: "", active_range_chars: None })
EVENT: Ime(Commit(""))
EVENT: Key { key: Backspace, physical_key: Some(Backspace), pressed: false, repeat: false, modifiers: Modifiers::NONE }
EVENT: Key { key: Backspace, physical_key: Some(Backspace), pressed: true, repeat: false, modifiers: Modifiers::NONE }
EVENT: Key { key: D, physical_key: Some(D), pressed: true, repeat: false, modifiers: Modifiers::NONE }
EVENT: Ime(Preedit { text: "d", active_range_chars: Some(1..1) })
EVENT: Key { key: Backspace, physical_key: Some(Backspace), pressed: false, repeat: false, modifiers: Modifiers::NONE }
EVENT: Key { key: Space, physical_key: Some(Space), pressed: true, repeat: false, modifiers: Modifiers::NONE }
EVENT: Ime(Preedit { text: "", active_range_chars: None })
EVENT: Ime(Commit("的"))
EVENT: Key { key: D, physical_key: Some(D), pressed: false, repeat: false, modifiers: Modifiers::NONE }
EVENT: Key { key: Space, physical_key: Some(Space), pressed: false, repeat: false, modifiers: Modifiers::NONE }
EVENT: Key { key: X, physical_key: Some(X), pressed: true, repeat: false, modifiers: Modifiers::NONE }
EVENT: Ime(Preedit { text: "x", active_range_chars: Some(1..1) })
EVENT: Key { key: I, physical_key: Some(I), pressed: true, repeat: false, modifiers: Modifiers::NONE }
EVENT: Ime(Preedit { text: "xi", active_range_chars: Some(2..2) })
EVENT: Key { key: I, physical_key: Some(I), pressed: false, repeat: false, modifiers: Modifiers::NONE }
EVENT: Key { key: X, physical_key: Some(X), pressed: false, repeat: false, modifiers: Modifiers::NONE }
EVENT: Key { key: A, physical_key: Some(A), pressed: true, repeat: false, modifiers: Modifiers::NONE }
EVENT: Ime(Preedit { text: "xia", active_range_chars: Some(3..3) })
EVENT: Key { key: A, physical_key: Some(A), pressed: false, repeat: false, modifiers: Modifiers::NONE }
EVENT: Key { key: O, physical_key: Some(O), pressed: true, repeat: false, modifiers: Modifiers::NONE }
EVENT: Ime(Preedit { text: "xiao", active_range_chars: Some(4..4) })
EVENT: Key { key: S, physical_key: Some(S), pressed: true, repeat: false, modifiers: Modifiers::NONE }
EVENT: Ime(Preedit { text: "xiao's", active_range_chars: Some(6..6) })
EVENT: Key { key: O, physical_key: Some(O), pressed: false, repeat: false, modifiers: Modifiers::NONE }
EVENT: Key { key: S, physical_key: Some(S), pressed: false, repeat: false, modifiers: Modifiers::NONE }
EVENT: Key { key: H, physical_key: Some(H), pressed: true, repeat: false, modifiers: Modifiers::NONE }
EVENT: Ime(Preedit { text: "xiao'sh", active_range_chars: Some(7..7) })
EVENT: Key { key: U, physical_key: Some(U), pressed: true, repeat: false, modifiers: Modifiers::NONE }
EVENT: Ime(Preedit { text: "xiao'shu", active_range_chars: Some(8..8) })
EVENT: Key { key: H, physical_key: Some(H), pressed: false, repeat: false, modifiers: Modifiers::NONE }
EVENT: Key { key: O, physical_key: Some(O), pressed: true, repeat: false, modifiers: Modifiers::NONE }
EVENT: Ime(Preedit { text: "xiao'shuo", active_range_chars: Some(9..9) })
EVENT: Key { key: U, physical_key: Some(U), pressed: false, repeat: false, modifiers: Modifiers::NONE }
EVENT: Key { key: O, physical_key: Some(O), pressed: false, repeat: false, modifiers: Modifiers::NONE }
EVENT: Key { key: Space, physical_key: Some(Space), pressed: true, repeat: false, modifiers: Modifiers::NONE }
EVENT: Ime(Preedit { text: "", active_range_chars: None })
EVENT: Ime(Commit("小说"))
EVENT: Key { key: Space, physical_key: Some(Space), pressed: false, repeat: false, modifiers: Modifiers::NONE }
EVENT: Key { key: Enter, physical_key: Some(Enter), pressed: true, repeat: false, modifiers: Modifiers::NONE }
EVENT: Key { key: Enter, physical_key: Some(Enter), pressed: false, repeat: false, modifiers: Modifiers::NONE }
EVENT: Key { key: S, physical_key: Some(S), pressed: true, repeat: false, modifiers: Modifiers::NONE }
EVENT: Ime(Preedit { text: "s", active_range_chars: Some(1..1) })
EVENT: Key { key: H, physical_key: Some(H), pressed: true, repeat: false, modifiers: Modifiers::NONE }
EVENT: Ime(Preedit { text: "sh", active_range_chars: Some(2..2) })
EVENT: Key { key: S, physical_key: Some(S), pressed: false, repeat: false, modifiers: Modifiers::NONE }
EVENT: Key { key: U, physical_key: Some(U), pressed: true, repeat: false, modifiers: Modifiers::NONE }
EVENT: Ime(Preedit { text: "shu", active_range_chars: Some(3..3) })
EVENT: Key { key: H, physical_key: Some(H), pressed: false, repeat: false, modifiers: Modifiers::NONE }
EVENT: Key { key: C, physical_key: Some(C), pressed: true, repeat: false, modifiers: Modifiers::NONE }
EVENT: Ime(Preedit { text: "shu'c", active_range_chars: Some(5..5) })
EVENT: Key { key: U, physical_key: Some(U), pressed: false, repeat: false, modifiers: Modifiers::NONE }
EVENT: Key { key: H, physical_key: Some(H), pressed: true, repeat: false, modifiers: Modifiers::NONE }
EVENT: Ime(Preedit { text: "shu'ch", active_range_chars: Some(6..6) })
EVENT: Key { key: C, physical_key: Some(C), pressed: false, repeat: false, modifiers: Modifiers::NONE }
EVENT: Key { key: U, physical_key: Some(U), pressed: true, repeat: false, modifiers: Modifiers::NONE }
EVENT: Ime(Preedit { text: "shu'chu", active_range_chars: Some(7..7) })
EVENT: Key { key: H, physical_key: Some(H), pressed: false, repeat: false, modifiers: Modifiers::NONE }
EVENT: Key { key: Space, physical_key: Some(Space), pressed: true, repeat: false, modifiers: Modifiers::NONE }
EVENT: Ime(Preedit { text: "", active_range_chars: None })
EVENT: Ime(Commit("输出"))
EVENT: Key { key: U, physical_key: Some(U), pressed: false, repeat: false, modifiers: Modifiers::NONE }
EVENT: Key { key: Space, physical_key: Some(Space), pressed: false, repeat: false, modifiers: Modifiers::NONE }
EVENT: Key { key: Y, physical_key: Some(Y), pressed: true, repeat: false, modifiers: Modifiers::NONE }
EVENT: Ime(Preedit { text: "y", active_range_chars: Some(1..1) })
EVENT: Key { key: I, physical_key: Some(I), pressed: true, repeat: false, modifiers: Modifiers::NONE }
EVENT: Ime(Preedit { text: "yi", active_range_chars: Some(2..2) })
EVENT: Key { key: Y, physical_key: Some(Y), pressed: false, repeat: false, modifiers: Modifiers::NONE }
EVENT: Key { key: F, physical_key: Some(F), pressed: true, repeat: false, modifiers: Modifiers::NONE }
EVENT: Ime(Preedit { text: "yi'f", active_range_chars: Some(4..4) })
EVENT: Key { key: I, physical_key: Some(I), pressed: false, repeat: false, modifiers: Modifiers::NONE }
EVENT: Key { key: F, physical_key: Some(F), pressed: false, repeat: false, modifiers: Modifiers::NONE }
EVENT: Key { key: E, physical_key: Some(E), pressed: true, repeat: false, modifiers: Modifiers::NONE }
EVENT: Ime(Preedit { text: "yi'fe", active_range_chars: Some(5..5) })
EVENT: Key { key: N, physical_key: Some(N), pressed: true, repeat: false, modifiers: Modifiers::NONE }
EVENT: Ime(Preedit { text: "yi'fen", active_range_chars: Some(6..6) })
EVENT: Key { key: E, physical_key: Some(E), pressed: false, repeat: false, modifiers: Modifiers::NONE }
EVENT: Key { key: N, physical_key: Some(N), pressed: false, repeat: false, modifiers: Modifiers::NONE }
EVENT: Key { key: Space, physical_key: Some(Space), pressed: true, repeat: false, modifiers: Modifiers::NONE }
EVENT: Ime(Preedit { text: "", active_range_chars: None })
EVENT: Ime(Commit("一份"))
EVENT: Key { key: Space, physical_key: Some(Space), pressed: false, repeat: false, modifiers: Modifiers::NONE }
EVENT: Key { key: Y, physical_key: Some(Y), pressed: true, repeat: false, modifiers: Modifiers::NONE }
EVENT: Ime(Preedit { text: "y", active_range_chars: Some(1..1) })
EVENT: Key { key: I, physical_key: Some(I), pressed: true, repeat: false, modifiers: Modifiers::NONE }
EVENT: Ime(Preedit { text: "yi", active_range_chars: Some(2..2) })
EVENT: Key { key: Y, physical_key: Some(Y), pressed: false, repeat: false, modifiers: Modifiers::NONE }
EVENT: Key { key: I, physical_key: Some(I), pressed: false, repeat: false, modifiers: Modifiers::NONE }
EVENT: Key { key: Q, physical_key: Some(Q), pressed: true, repeat: false, modifiers: Modifiers::NONE }
EVENT: Ime(Preedit { text: "yi'q", active_range_chars: Some(4..4) })
EVENT: Key { key: I, physical_key: Some(I), pressed: true, repeat: false, modifiers: Modifiers::NONE }
EVENT: Ime(Preedit { text: "yi'qi", active_range_chars: Some(5..5) })
EVENT: Key { key: Q, physical_key: Some(Q), pressed: false, repeat: false, modifiers: Modifiers::NONE }
EVENT: Key { key: A, physical_key: Some(A), pressed: true, repeat: false, modifiers: Modifiers::NONE }
EVENT: Ime(Preedit { text: "yi'qi'a", active_range_chars: Some(7..7) })
EVENT: Key { key: I, physical_key: Some(I), pressed: false, repeat: false, modifiers: Modifiers::NONE }
EVENT: Key { key: N, physical_key: Some(N), pressed: true, repeat: false, modifiers: Modifiers::NONE }
EVENT: Ime(Preedit { text: "yi'qian", active_range_chars: Some(7..7) })
EVENT: Key { key: A, physical_key: Some(A), pressed: false, repeat: false, modifiers: Modifiers::NONE }
EVENT: Key { key: N, physical_key: Some(N), pressed: false, repeat: false, modifiers: Modifiers::NONE }
EVENT: Key { key: Z, physical_key: Some(Z), pressed: true, repeat: false, modifiers: Modifiers::NONE }
EVENT: Ime(Preedit { text: "yi'qian'z", active_range_chars: Some(9..9) })
EVENT: Key { key: I, physical_key: Some(I), pressed: true, repeat: false, modifiers: Modifiers::NONE }
EVENT: Ime(Preedit { text: "yi'qian'zi", active_range_chars: Some(10..10) })
EVENT: Key { key: Z, physical_key: Some(Z), pressed: false, repeat: false, modifiers: Modifiers::NONE }
EVENT: Key { key: I, physical_key: Some(I), pressed: false, repeat: false, modifiers: Modifiers::NONE }
EVENT: Key { key: Space, physical_key: Some(Space), pressed: true, repeat: false, modifiers: Modifiers::NONE }
EVENT: Ime(Preedit { text: "", active_range_chars: None })
EVENT: Ime(Commit("一千字"))
EVENT: Key { key: Space, physical_key: Some(Space), pressed: false, repeat: false, modifiers: Modifiers::NONE }
EVENT: Key { key: D, physical_key: Some(D), pressed: true, repeat: false, modifiers: Modifiers::NONE }
EVENT: Ime(Preedit { text: "d", active_range_chars: Some(1..1) })
EVENT: Key { key: Space, physical_key: Some(Space), pressed: true, repeat: false, modifiers: Modifiers::NONE }
EVENT: Ime(Preedit { text: "", active_range_chars: None })
EVENT: Ime(Commit("的"))
EVENT: Key { key: D, physical_key: Some(D), pressed: false, repeat: false, modifiers: Modifiers::NONE }
EVENT: Key { key: Space, physical_key: Some(Space), pressed: false, repeat: false, modifiers: Modifiers::NONE }
EVENT: Key { key: X, physical_key: Some(X), pressed: true, repeat: false, modifiers: Modifiers::NONE }
EVENT: Ime(Preedit { text: "x", active_range_chars: Some(1..1) })
EVENT: Key { key: I, physical_key: Some(I), pressed: true, repeat: false, modifiers: Modifiers::NONE }
EVENT: Ime(Preedit { text: "xi", active_range_chars: Some(2..2) })
EVENT: Key { key: X, physical_key: Some(X), pressed: false, repeat: false, modifiers: Modifiers::NONE }
EVENT: Key { key: I, physical_key: Some(I), pressed: false, repeat: false, modifiers: Modifiers::NONE }
EVENT: Key { key: A, physical_key: Some(A), pressed: true, repeat: false, modifiers: Modifiers::NONE }
EVENT: Ime(Preedit { text: "xia", active_range_chars: Some(3..3) })
EVENT: Key { key: O, physical_key: Some(O), pressed: true, repeat: false, modifiers: Modifiers::NONE }
EVENT: Ime(Preedit { text: "xiao", active_range_chars: Some(4..4) })
EVENT: Key { key: A, physical_key: Some(A), pressed: false, repeat: false, modifiers: Modifiers::NONE }
EVENT: Key { key: S, physical_key: Some(S), pressed: true, repeat: false, modifiers: Modifiers::NONE }
EVENT: Ime(Preedit { text: "xiao's", active_range_chars: Some(6..6) })
EVENT: Key { key: O, physical_key: Some(O), pressed: false, repeat: false, modifiers: Modifiers::NONE }
EVENT: Key { key: S, physical_key: Some(S), pressed: false, repeat: false, modifiers: Modifiers::NONE }
EVENT: Key { key: H, physical_key: Some(H), pressed: true, repeat: false, modifiers: Modifiers::NONE }
EVENT: Ime(Preedit { text: "xiao'sh", active_range_chars: Some(7..7) })
EVENT: Key { key: U, physical_key: Some(U), pressed: true, repeat: false, modifiers: Modifiers::NONE }
EVENT: Ime(Preedit { text: "xiao'shu", active_range_chars: Some(8..8) })
EVENT: Key { key: H, physical_key: Some(H), pressed: false, repeat: false, modifiers: Modifiers::NONE }
EVENT: Key { key: O, physical_key: Some(O), pressed: true, repeat: false, modifiers: Modifiers::NONE }
EVENT: Ime(Preedit { text: "xiao'shuo", active_range_chars: Some(9..9) })
EVENT: Key { key: U, physical_key: Some(U), pressed: false, repeat: false, modifiers: Modifiers::NONE }
EVENT: Key { key: Space, physical_key: Some(Space), pressed: true, repeat: false, modifiers: Modifiers::NONE }
EVENT: Ime(Preedit { text: "", active_range_chars: None })
EVENT: Ime(Commit("小说"))
EVENT: Key { key: O, physical_key: Some(O), pressed: false, repeat: false, modifiers: Modifiers::NONE }
EVENT: Key { key: Space, physical_key: Some(Space), pressed: false, repeat: false, modifiers: Modifiers::NONE }
EVENT: Key { key: Enter, physical_key: Some(Enter), pressed: true, repeat: false, modifiers: Modifiers::NONE }
EVENT: Key { key: Enter, physical_key: Some(Enter), pressed: false, repeat: false, modifiers: Modifiers::NONE }
EVENT: Key { key: X, physical_key: Some(X), pressed: true, repeat: false, modifiers: Modifiers::NONE }
EVENT: Ime(Preedit { text: "x", active_range_chars: Some(1..1) })
EVENT: Key { key: I, physical_key: Some(I), pressed: true, repeat: false, modifiers: Modifiers::NONE }
EVENT: Ime(Preedit { text: "xi", active_range_chars: Some(2..2) })
EVENT: Key { key: I, physical_key: Some(I), pressed: false, repeat: false, modifiers: Modifiers::NONE }
EVENT: Key { key: X, physical_key: Some(X), pressed: false, repeat: false, modifiers: Modifiers::NONE }
EVENT: Key { key: E, physical_key: Some(E), pressed: true, repeat: false, modifiers: Modifiers::NONE }
EVENT: Ime(Preedit { text: "xie", active_range_chars: Some(3..3) })
EVENT: Key { key: E, physical_key: Some(E), pressed: false, repeat: false, modifiers: Modifiers::NONE }
EVENT: Key { key: Y, physical_key: Some(Y), pressed: true, repeat: false, modifiers: Modifiers::NONE }
EVENT: Ime(Preedit { text: "xie'y", active_range_chars: Some(5..5) })
EVENT: Key { key: I, physical_key: Some(I), pressed: true, repeat: false, modifiers: Modifiers::NONE }
EVENT: Ime(Preedit { text: "xie'yi", active_range_chars: Some(6..6) })
EVENT: Key { key: Y, physical_key: Some(Y), pressed: false, repeat: false, modifiers: Modifiers::NONE }
EVENT: Key { key: I, physical_key: Some(I), pressed: false, repeat: false, modifiers: Modifiers::NONE }
EVENT: Key { key: F, physical_key: Some(F), pressed: true, repeat: false, modifiers: Modifiers::NONE }
EVENT: Ime(Preedit { text: "xie'yi'f", active_range_chars: Some(8..8) })
EVENT: Key { key: F, physical_key: Some(F), pressed: false, repeat: false, modifiers: Modifiers::NONE }
EVENT: Key { key: E, physical_key: Some(E), pressed: true, repeat: false, modifiers: Modifiers::NONE }
EVENT: Ime(Preedit { text: "xie'yi'fe", active_range_chars: Some(9..9) })
EVENT: Key { key: N, physical_key: Some(N), pressed: true, repeat: false, modifiers: Modifiers::NONE }
EVENT: Ime(Preedit { text: "xie'yi'fen", active_range_chars: Some(10..10) })
EVENT: Key { key: E, physical_key: Some(E), pressed: false, repeat: false, modifiers: Modifiers::NONE }
EVENT: Key { key: Space, physical_key: Some(Space), pressed: true, repeat: false, modifiers: Modifiers::NONE }
EVENT: Ime(Preedit { text: "", active_range_chars: None })
EVENT: Ime(Commit("写一份"))
EVENT: Key { key: N, physical_key: Some(N), pressed: false, repeat: false, modifiers: Modifiers::NONE }
EVENT: Key { key: Space, physical_key: Some(Space), pressed: false, repeat: false, modifiers: Modifiers::NONE }
EVENT: Key { key: W, physical_key: Some(W), pressed: true, repeat: false, modifiers: Modifiers::NONE }
EVENT: Ime(Preedit { text: "w", active_range_chars: Some(1..1) })
EVENT: Key { key: U, physical_key: Some(U), pressed: true, repeat: false, modifiers: Modifiers::NONE }
EVENT: Ime(Preedit { text: "wu", active_range_chars: Some(2..2) })
EVENT: Key { key: W, physical_key: Some(W), pressed: false, repeat: false, modifiers: Modifiers::NONE }
EVENT: Key { key: U, physical_key: Some(U), pressed: false, repeat: false, modifiers: Modifiers::NONE }
EVENT: Key { key: B, physical_key: Some(B), pressed: true, repeat: false, modifiers: Modifiers::NONE }
EVENT: Ime(Preedit { text: "wu'b", active_range_chars: Some(4..4) })
EVENT: Key { key: B, physical_key: Some(B), pressed: false, repeat: false, modifiers: Modifiers::NONE }
EVENT: Key { key: A, physical_key: Some(A), pressed: true, repeat: false, modifiers: Modifiers::NONE }
EVENT: Ime(Preedit { text: "wu'ba", active_range_chars: Some(5..5) })
EVENT: Key { key: I, physical_key: Some(I), pressed: true, repeat: false, modifiers: Modifiers::NONE }
EVENT: Ime(Preedit { text: "wu'bai", active_range_chars: Some(6..6) })
EVENT: Key { key: A, physical_key: Some(A), pressed: false, repeat: false, modifiers: Modifiers::NONE }
EVENT: Key { key: I, physical_key: Some(I), pressed: false, repeat: false, modifiers: Modifiers::NONE }
EVENT: Key { key: Z, physical_key: Some(Z), pressed: true, repeat: false, modifiers: Modifiers::NONE }
EVENT: Ime(Preedit { text: "wu'bai'z", active_range_chars: Some(8..8) })
EVENT: Key { key: I, physical_key: Some(I), pressed: true, repeat: false, modifiers: Modifiers::NONE }
EVENT: Ime(Preedit { text: "wu'bai'zi", active_range_chars: Some(9..9) })
EVENT: Key { key: Z, physical_key: Some(Z), pressed: false, repeat: false, modifiers: Modifiers::NONE }
EVENT: Key { key: I, physical_key: Some(I), pressed: false, repeat: false, modifiers: Modifiers::NONE }
EVENT: Key { key: Space, physical_key: Some(Space), pressed: true, repeat: false, modifiers: Modifiers::NONE }
EVENT: Ime(Preedit { text: "", active_range_chars: None })
EVENT: Ime(Commit("五百字"))
EVENT: Key { key: D, physical_key: Some(D), pressed: true, repeat: false, modifiers: Modifiers::NONE }
EVENT: Ime(Preedit { text: "d", active_range_chars: Some(1..1) })
EVENT: Key { key: Space, physical_key: Some(Space), pressed: false, repeat: false, modifiers: Modifiers::NONE }
EVENT: Key { key: Space, physical_key: Some(Space), pressed: true, repeat: false, modifiers: Modifiers::NONE }
EVENT: Ime(Preedit { text: "", active_range_chars: None })
EVENT: Ime(Commit("的"))
EVENT: Key { key: D, physical_key: Some(D), pressed: false, repeat: false, modifiers: Modifiers::NONE }
EVENT: Key { key: Space, physical_key: Some(Space), pressed: false, repeat: false, modifiers: Modifiers::NONE }
EVENT: Key { key: X, physical_key: Some(X), pressed: true, repeat: false, modifiers: Modifiers::NONE }
EVENT: Ime(Preedit { text: "x", active_range_chars: Some(1..1) })
EVENT: Key { key: I, physical_key: Some(I), pressed: true, repeat: false, modifiers: Modifiers::NONE }
EVENT: Ime(Preedit { text: "xi", active_range_chars: Some(2..2) })
EVENT: Key { key: X, physical_key: Some(X), pressed: false, repeat: false, modifiers: Modifiers::NONE }
EVENT: Key { key: A, physical_key: Some(A), pressed: true, repeat: false, modifiers: Modifiers::NONE }
EVENT: Ime(Preedit { text: "xia", active_range_chars: Some(3..3) })
EVENT: Key { key: I, physical_key: Some(I), pressed: false, repeat: false, modifiers: Modifiers::NONE }
EVENT: Key { key: O, physical_key: Some(O), pressed: true, repeat: false, modifiers: Modifiers::NONE }
EVENT: Ime(Preedit { text: "xiao", active_range_chars: Some(4..4) })
EVENT: Key { key: A, physical_key: Some(A), pressed: false, repeat: false, modifiers: Modifiers::NONE }
EVENT: Key { key: S, physical_key: Some(S), pressed: true, repeat: false, modifiers: Modifiers::NONE }
EVENT: Ime(Preedit { text: "xiao's", active_range_chars: Some(6..6) })
EVENT: Key { key: O, physical_key: Some(O), pressed: false, repeat: false, modifiers: Modifiers::NONE }
EVENT: Key { key: S, physical_key: Some(S), pressed: false, repeat: false, modifiers: Modifiers::NONE }
EVENT: Key { key: H, physical_key: Some(H), pressed: true, repeat: false, modifiers: Modifiers::NONE }
EVENT: Ime(Preedit { text: "xiao'sh", active_range_chars: Some(7..7) })
EVENT: Key { key: U, physical_key: Some(U), pressed: true, repeat: false, modifiers: Modifiers::NONE }
EVENT: Ime(Preedit { text: "xiao'shu", active_range_chars: Some(8..8) })
EVENT: Key { key: H, physical_key: Some(H), pressed: false, repeat: false, modifiers: Modifiers::NONE }
EVENT: Key { key: U, physical_key: Some(U), pressed: false, repeat: false, modifiers: Modifiers::NONE }
EVENT: Key { key: Space, physical_key: Some(Space), pressed: true, repeat: false, modifiers: Modifiers::NONE }
EVENT: Ime(Preedit { text: "", active_range_chars: None })
EVENT: Ime(Commit("小鼠"))
EVENT: Key { key: Space, physical_key: Some(Space), pressed: false, repeat: false, modifiers: Modifiers::NONE }
EVENT: Key { key: Backspace, physical_key: Some(Backspace), pressed: true, repeat: false, modifiers: Modifiers::NONE }
EVENT: Key { key: Backspace, physical_key: Some(Backspace), pressed: false, repeat: false, modifiers: Modifiers::NONE }
EVENT: Key { key: S, physical_key: Some(S), pressed: true, repeat: false, modifiers: Modifiers::NONE }
EVENT: Ime(Preedit { text: "s", active_range_chars: Some(1..1) })
EVENT: Key { key: S, physical_key: Some(S), pressed: false, repeat: false, modifiers: Modifiers::NONE }
EVENT: Key { key: H, physical_key: Some(H), pressed: true, repeat: false, modifiers: Modifiers::NONE }
EVENT: Ime(Preedit { text: "sh", active_range_chars: Some(2..2) })
EVENT: Key { key: U, physical_key: Some(U), pressed: true, repeat: false, modifiers: Modifiers::NONE }
EVENT: Ime(Preedit { text: "shu", active_range_chars: Some(3..3) })
EVENT: Key { key: H, physical_key: Some(H), pressed: false, repeat: false, modifiers: Modifiers::NONE }
EVENT: Key { key: O, physical_key: Some(O), pressed: true, repeat: false, modifiers: Modifiers::NONE }
EVENT: Ime(Preedit { text: "shuo", active_range_chars: Some(4..4) })
EVENT: Key { key: U, physical_key: Some(U), pressed: false, repeat: false, modifiers: Modifiers::NONE }
EVENT: Key { key: O, physical_key: Some(O), pressed: false, repeat: false, modifiers: Modifiers::NONE }
EVENT: Key { key: Space, physical_key: Some(Space), pressed: true, repeat: false, modifiers: Modifiers::NONE }
EVENT: Ime(Preedit { text: "", active_range_chars: None })
EVENT: Ime(Commit("说"))
EVENT: Key { key: Space, physical_key: Some(Space), pressed: false, repeat: false, modifiers: Modifiers::NONE }
EVENT: Key { key: Enter, physical_key: Some(Enter), pressed: true, repeat: false, modifiers: Modifiers::NONE }
EVENT: Key { key: Enter, physical_key: Some(Enter), pressed: false, repeat: false, modifiers: Modifiers::NONE }
EVENT: Key { key: X, physical_key: Some(X), pressed: true, repeat: false, modifiers: Modifiers::NONE }
EVENT: Ime(Preedit { text: "x", active_range_chars: Some(1..1) })
EVENT: Key { key: I, physical_key: Some(I), pressed: true, repeat: false, modifiers: Modifiers::NONE }
EVENT: Ime(Preedit { text: "xi", active_range_chars: Some(2..2) })
EVENT: Key { key: X, physical_key: Some(X), pressed: false, repeat: false, modifiers: Modifiers::NONE }
EVENT: Key { key: E, physical_key: Some(E), pressed: true, repeat: false, modifiers: Modifiers::NONE }
EVENT: Ime(Preedit { text: "xie", active_range_chars: Some(3..3) })
EVENT: Key { key: I, physical_key: Some(I), pressed: false, repeat: false, modifiers: Modifiers::NONE }
EVENT: Key { key: E, physical_key: Some(E), pressed: false, repeat: false, modifiers: Modifiers::NONE }
EVENT: Key { key: Y, physical_key: Some(Y), pressed: true, repeat: false, modifiers: Modifiers::NONE }
EVENT: Ime(Preedit { text: "xie'y", active_range_chars: Some(5..5) })
EVENT: Key { key: I, physical_key: Some(I), pressed: true, repeat: false, modifiers: Modifiers::NONE }
EVENT: Ime(Preedit { text: "xie'yi", active_range_chars: Some(6..6) })
EVENT: Key { key: Y, physical_key: Some(Y), pressed: false, repeat: false, modifiers: Modifiers::NONE }
EVENT: Key { key: I, physical_key: Some(I), pressed: false, repeat: false, modifiers: Modifiers::NONE }
EVENT: Key { key: F, physical_key: Some(F), pressed: true, repeat: false, modifiers: Modifiers::NONE }
EVENT: Ime(Preedit { text: "xie'yi'f", active_range_chars: Some(8..8) })
EVENT: Key { key: F, physical_key: Some(F), pressed: false, repeat: false, modifiers: Modifiers::NONE }
EVENT: Key { key: E, physical_key: Some(E), pressed: true, repeat: false, modifiers: Modifiers::NONE }
EVENT: Ime(Preedit { text: "xie'yi'fe", active_range_chars: Some(9..9) })
EVENT: Key { key: N, physical_key: Some(N), pressed: true, repeat: false, modifiers: Modifiers::NONE }
EVENT: Ime(Preedit { text: "xie'yi'fen", active_range_chars: Some(10..10) })
EVENT: Key { key: E, physical_key: Some(E), pressed: false, repeat: false, modifiers: Modifiers::NONE }
EVENT: Key { key: N, physical_key: Some(N), pressed: false, repeat: false, modifiers: Modifiers::NONE }
EVENT: Key { key: Space, physical_key: Some(Space), pressed: true, repeat: false, modifiers: Modifiers::NONE }
EVENT: Ime(Preedit { text: "", active_range_chars: None })
EVENT: Ime(Commit("写一份"))
EVENT: Key { key: Space, physical_key: Some(Space), pressed: false, repeat: false, modifiers: Modifiers::NONE }
EVENT: Key { key: W, physical_key: Some(W), pressed: true, repeat: false, modifiers: Modifiers::NONE }
EVENT: Ime(Preedit { text: "w", active_range_chars: Some(1..1) })
EVENT: Key { key: U, physical_key: Some(U), pressed: true, repeat: false, modifiers: Modifiers::NONE }
EVENT: Ime(Preedit { text: "wu", active_range_chars: Some(2..2) })
EVENT: Key { key: W, physical_key: Some(W), pressed: false, repeat: false, modifiers: Modifiers::NONE }
EVENT: Key { key: U, physical_key: Some(U), pressed: false, repeat: false, modifiers: Modifiers::NONE }
EVENT: Key { key: B, physical_key: Some(B), pressed: true, repeat: false, modifiers: Modifiers::NONE }
EVENT: Ime(Preedit { text: "wu'b", active_range_chars: Some(4..4) })
EVENT: Key { key: B, physical_key: Some(B), pressed: false, repeat: false, modifiers: Modifiers::NONE }
EVENT: Key { key: A, physical_key: Some(A), pressed: true, repeat: false, modifiers: Modifiers::NONE }
EVENT: Ime(Preedit { text: "wu'ba", active_range_chars: Some(5..5) })
EVENT: Key { key: I, physical_key: Some(I), pressed: true, repeat: false, modifiers: Modifiers::NONE }
EVENT: Ime(Preedit { text: "wu'bai", active_range_chars: Some(6..6) })
EVENT: Key { key: A, physical_key: Some(A), pressed: false, repeat: false, modifiers: Modifiers::NONE }
EVENT: Key { key: I, physical_key: Some(I), pressed: false, repeat: false, modifiers: Modifiers::NONE }
EVENT: Key { key: Z, physical_key: Some(Z), pressed: true, repeat: false, modifiers: Modifiers::NONE }
EVENT: Ime(Preedit { text: "wu'bai'z", active_range_chars: Some(8..8) })
EVENT: Key { key: I, physical_key: Some(I), pressed: true, repeat: false, modifiers: Modifiers::NONE }
EVENT: Ime(Preedit { text: "wu'bai'zi", active_range_chars: Some(9..9) })
EVENT: Key { key: Z, physical_key: Some(Z), pressed: false, repeat: false, modifiers: Modifiers::NONE }
EVENT: Key { key: I, physical_key: Some(I), pressed: false, repeat: false, modifiers: Modifiers::NONE }
EVENT: Key { key: Space, physical_key: Some(Space), pressed: true, repeat: false, modifiers: Modifiers::NONE }
EVENT: Ime(Preedit { text: "", active_range_chars: None })
EVENT: Ime(Commit("五百字"))
EVENT: Key { key: Space, physical_key: Some(Space), pressed: false, repeat: false, modifiers: Modifiers::NONE }
EVENT: Key { key: X, physical_key: Some(X), pressed: true, repeat: false, modifiers: Modifiers::NONE }
EVENT: Ime(Preedit { text: "x", active_range_chars: Some(1..1) })
EVENT: Key { key: I, physical_key: Some(I), pressed: true, repeat: false, modifiers: Modifiers::NONE }
EVENT: Ime(Preedit { text: "xi", active_range_chars: Some(2..2) })
EVENT: Key { key: X, physical_key: Some(X), pressed: false, repeat: false, modifiers: Modifiers::NONE }
EVENT: Key { key: A, physical_key: Some(A), pressed: true, repeat: false, modifiers: Modifiers::NONE }
EVENT: Ime(Preedit { text: "xia", active_range_chars: Some(3..3) })
EVENT: Key { key: I, physical_key: Some(I), pressed: false, repeat: false, modifiers: Modifiers::NONE }
EVENT: Key { key: O, physical_key: Some(O), pressed: true, repeat: false, modifiers: Modifiers::NONE }
EVENT: Ime(Preedit { text: "xiao", active_range_chars: Some(4..4) })
EVENT: Key { key: A, physical_key: Some(A), pressed: false, repeat: false, modifiers: Modifiers::NONE }
EVENT: Key { key: O, physical_key: Some(O), pressed: false, repeat: false, modifiers: Modifiers::NONE }
EVENT: Key { key: S, physical_key: Some(S), pressed: true, repeat: false, modifiers: Modifiers::NONE }
EVENT: Ime(Preedit { text: "xiao's", active_range_chars: Some(6..6) })
EVENT: Key { key: H, physical_key: Some(H), pressed: true, repeat: false, modifiers: Modifiers::NONE }
EVENT: Ime(Preedit { text: "xiao'sh", active_range_chars: Some(7..7) })
EVENT: Key { key: U, physical_key: Some(U), pressed: true, repeat: false, modifiers: Modifiers::NONE }
EVENT: Ime(Preedit { text: "xiao'shu", active_range_chars: Some(8..8) })
EVENT: Key { key: S, physical_key: Some(S), pressed: false, repeat: false, modifiers: Modifiers::NONE }
EVENT: Key { key: H, physical_key: Some(H), pressed: false, repeat: false, modifiers: Modifiers::NONE }
EVENT: Key { key: O, physical_key: Some(O), pressed: true, repeat: false, modifiers: Modifiers::NONE }
EVENT: Ime(Preedit { text: "xiao'shuo", active_range_chars: Some(9..9) })
EVENT: Key { key: U, physical_key: Some(U), pressed: false, repeat: false, modifiers: Modifiers::NONE }
EVENT: Key { key: Space, physical_key: Some(Space), pressed: true, repeat: false, modifiers: Modifiers::NONE }
EVENT: Ime(Preedit { text: "", active_range_chars: None })
EVENT: Ime(Commit("小说"))
EVENT: Key { key: O, physical_key: Some(O), pressed: false, repeat: false, modifiers: Modifiers::NONE }
EVENT: Key { key: Space, physical_key: Some(Space), pressed: false, repeat: false, modifiers: Modifiers::NONE }
EVENT: Key { key: Enter, physical_key: Some(Enter), pressed: true, repeat: false, modifiers: Modifiers::NONE }
EVENT: Key { key: Enter, physical_key: Some(Enter), pressed: false, repeat: false, modifiers: Modifiers::NONE }
EVENT: Key { key: Escape, physical_key: Some(Escape), pressed: false, repeat: false, modifiers: Modifiers::NONE }
EVENT: Key { key: Escape, physical_key: Some(Escape), pressed: false, repeat: false, modifiers: Modifiers::NONE }
EVENT: Key { key: Escape, physical_key: Some(Escape), pressed: false, repeat: false, modifiers: Modifiers::NONE }
EVENT: Key { key: Escape, physical_key: Some(Escape), pressed: false, repeat: false, modifiers: Modifiers::NONE }
EVENT: Key { key: Escape, physical_key: Some(Escape), pressed: false, repeat: false, modifiers: Modifiers::NONE }
EVENT: Key { key: Escape, physical_key: Some(Escape), pressed: false, repeat: false, modifiers: Modifiers::NONE }
EVENT: Key { key: Escape, physical_key: Some(Escape), pressed: false, repeat: false, modifiers: Modifiers::NONE }
EVENT: Key { key: J, physical_key: Some(J), pressed: true, repeat: false, modifiers: Modifiers::NONE }
EVENT: Ime(Preedit { text: "j", active_range_chars: Some(1..1) })
EVENT: Key { key: I, physical_key: Some(I), pressed: true, repeat: false, modifiers: Modifiers::NONE }
EVENT: Ime(Preedit { text: "ji", active_range_chars: Some(2..2) })
EVENT: Key { key: J, physical_key: Some(J), pressed: false, repeat: false, modifiers: Modifiers::NONE }
EVENT: Key { key: E, physical_key: Some(E), pressed: true, repeat: false, modifiers: Modifiers::NONE }
EVENT: Ime(Preedit { text: "jie", active_range_chars: Some(3..3) })
EVENT: Key { key: I, physical_key: Some(I), pressed: false, repeat: false, modifiers: Modifiers::NONE }
EVENT: Key { key: E, physical_key: Some(E), pressed: false, repeat: false, modifiers: Modifiers::NONE }
EVENT: Key { key: S, physical_key: Some(S), pressed: true, repeat: false, modifiers: Modifiers::NONE }
EVENT: Ime(Preedit { text: "jie's", active_range_chars: Some(5..5) })
EVENT: Key { key: H, physical_key: Some(H), pressed: true, repeat: false, modifiers: Modifiers::NONE }
EVENT: Ime(Preedit { text: "jie'sh", active_range_chars: Some(6..6) })
EVENT: Key { key: S, physical_key: Some(S), pressed: false, repeat: false, modifiers: Modifiers::NONE }
EVENT: Key { key: H, physical_key: Some(H), pressed: false, repeat: false, modifiers: Modifiers::NONE }
EVENT: Key { key: A, physical_key: Some(A), pressed: true, repeat: false, modifiers: Modifiers::NONE }
EVENT: Ime(Preedit { text: "jie'sha", active_range_chars: Some(7..7) })
EVENT: Key { key: O, physical_key: Some(O), pressed: true, repeat: false, modifiers: Modifiers::NONE }
EVENT: Ime(Preedit { text: "jie'shao", active_range_chars: Some(8..8) })
EVENT: Key { key: A, physical_key: Some(A), pressed: false, repeat: false, modifiers: Modifiers::NONE }
EVENT: Key { key: O, physical_key: Some(O), pressed: false, repeat: false, modifiers: Modifiers::NONE }
EVENT: Key { key: Y, physical_key: Some(Y), pressed: true, repeat: false, modifiers: Modifiers::NONE }
EVENT: Ime(Preedit { text: "jie'shao'y", active_range_chars: Some(10..10) })
EVENT: Key { key: I, physical_key: Some(I), pressed: true, repeat: false, modifiers: Modifiers::NONE }
EVENT: Ime(Preedit { text: "jie'shao'yi", active_range_chars: Some(11..11) })
EVENT: Key { key: Y, physical_key: Some(Y), pressed: false, repeat: false, modifiers: Modifiers::NONE }
EVENT: Key { key: I, physical_key: Some(I), pressed: false, repeat: false, modifiers: Modifiers::NONE }
EVENT: Key { key: X, physical_key: Some(X), pressed: true, repeat: false, modifiers: Modifiers::NONE }
EVENT: Ime(Preedit { text: "jie'shao'yi'x", active_range_chars: Some(13..13) })
EVENT: Key { key: I, physical_key: Some(I), pressed: true, repeat: false, modifiers: Modifiers::NONE }
EVENT: Ime(Preedit { text: "jie'shao'yi'xi", active_range_chars: Some(14..14) })
EVENT: Key { key: X, physical_key: Some(X), pressed: false, repeat: false, modifiers: Modifiers::NONE }
EVENT: Key { key: I, physical_key: Some(I), pressed: false, repeat: false, modifiers: Modifiers::NONE }
EVENT: Key { key: A, physical_key: Some(A), pressed: true, repeat: false, modifiers: Modifiers::NONE }
EVENT: Ime(Preedit { text: "jie'shao'yi'xia", active_range_chars: Some(15..15) })
EVENT: Key { key: A, physical_key: Some(A), pressed: false, repeat: false, modifiers: Modifiers::NONE }
EVENT: Key { key: Space, physical_key: Some(Space), pressed: true, repeat: false, modifiers: Modifiers::NONE }
EVENT: Ime(Preedit { text: "", active_range_chars: None })
EVENT: Ime(Commit("介绍一下"))
EVENT: Key { key: Space, physical_key: Some(Space), pressed: false, repeat: false, modifiers: Modifiers::NONE }
EVENT: Key { key: N, physical_key: Some(N), pressed: true, repeat: false, modifiers: Modifiers::NONE }
EVENT: Ime(Preedit { text: "n", active_range_chars: Some(1..1) })
EVENT: Key { key: I, physical_key: Some(I), pressed: true, repeat: false, modifiers: Modifiers::NONE }
EVENT: Ime(Preedit { text: "ni", active_range_chars: Some(2..2) })
EVENT: Key { key: N, physical_key: Some(N), pressed: false, repeat: false, modifiers: Modifiers::NONE }
EVENT: Key { key: I, physical_key: Some(I), pressed: false, repeat: false, modifiers: Modifiers::NONE }
EVENT: Key { key: Z, physical_key: Some(Z), pressed: true, repeat: false, modifiers: Modifiers::NONE }
EVENT: Ime(Preedit { text: "ni'z", active_range_chars: Some(4..4) })
EVENT: Key { key: I, physical_key: Some(I), pressed: true, repeat: false, modifiers: Modifiers::NONE }
EVENT: Ime(Preedit { text: "ni'zi", active_range_chars: Some(5..5) })
EVENT: Key { key: Z, physical_key: Some(Z), pressed: false, repeat: false, modifiers: Modifiers::NONE }
EVENT: Key { key: I, physical_key: Some(I), pressed: false, repeat: false, modifiers: Modifiers::NONE }
EVENT: Key { key: J, physical_key: Some(J), pressed: true, repeat: false, modifiers: Modifiers::NONE }
EVENT: Ime(Preedit { text: "ni'zi'j", active_range_chars: Some(7..7) })
EVENT: Key { key: I, physical_key: Some(I), pressed: true, repeat: false, modifiers: Modifiers::NONE }
EVENT: Ime(Preedit { text: "ni'zi'ji", active_range_chars: Some(8..8) })
EVENT: Key { key: J, physical_key: Some(J), pressed: false, repeat: false, modifiers: Modifiers::NONE }
EVENT: Key { key: I, physical_key: Some(I), pressed: false, repeat: false, modifiers: Modifiers::NONE }
EVENT: Key { key: Space, physical_key: Some(Space), pressed: true, repeat: false, modifiers: Modifiers::NONE }
EVENT: Ime(Preedit { text: "", active_range_chars: None })
EVENT: Ime(Commit("你自己"))
EVENT: Key { key: Space, physical_key: Some(Space), pressed: false, repeat: false, modifiers: Modifiers::NONE }
EVENT: Key { key: Enter, physical_key: Some(Enter), pressed: true, repeat: false, modifiers: Modifiers::NONE }
EVENT: Key { key: Enter, physical_key: Some(Enter), pressed: false, repeat: false, modifiers: Modifiers::NONE }
EVENT: Key { key: Enter, physical_key: Some(Enter), pressed: true, repeat: false, modifiers: Modifiers::NONE }
EVENT: Key { key: Enter, physical_key: Some(Enter), pressed: false, repeat: false, modifiers: Modifiers::NONE }
EVENT: Key { key: SuperLeft, physical_key: Some(SuperLeft), pressed: true, repeat: false, modifiers: Modifiers::NONE }
EVENT: Key { key: ShiftLeft, physical_key: Some(ShiftLeft), pressed: true, repeat: false, modifiers: Modifiers { shift: true } }
EVENT: Key { key: S, physical_key: Some(S), pressed: false, repeat: false, modifiers: Modifiers { shift: true } }
EVENT: Key { key: SuperLeft, physical_key: Some(SuperLeft), pressed: false, repeat: false, modifiers: Modifiers { shift: true } }
EVENT: Key { key: ShiftLeft, physical_key: Some(ShiftLeft), pressed: false, repeat: false, modifiers: Modifiers::NONE }
